{
  "champion_cut_rebuild": {
    "final": 509485.2474617095,
    "return_pct": 49.45824784338131,
    "annual_pct": 8.373503447580788,
    "max_dd_pct": -33.706563050200884,
    "sharpe": 0.5404338166754589
  },
  "champion_aggressive_z": {
    "final": 543656.6661104301,
    "return_pct": 59.482483840409394,
    "annual_pct": 9.790515816548284,
    "max_dd_pct": -37.914059126913514,
    "sharpe": 0.5469965377890252
  },
  "champion_20pct_protected_mom_gated": {
    "final": 534683.9217766043,
    "return_pct": 56.850316072723395,
    "annual_pct": 9.425493630689452,
    "max_dd_pct": -39.6680057138604,
    "sharpe": 0.5189463740898334
  },
  "champion_20pct_protected_wing_all": {
    "final": 538626.7947280342,
    "return_pct": 58.006963661099476,
    "annual_pct": 9.586493346295356,
    "max_dd_pct": -39.00632995564203,
    "sharpe": 0.526556772278723
  },
  "champion_20pct_protected": {
    "final": 550028.283844718,
    "return_pct": 61.35160728851483,
    "annual_pct": 10.04680580873063,
    "max_dd_pct": -38.94750260488204,
    "sharpe": 0.5457634981478804
  },
  "champion_trifecta": {
    "final": 496892.09196387185,
    "return_pct": 45.76402712766272,
    "annual_pct": 7.83208826443651,
    "max_dd_pct": -34.33066731699269,
    "sharpe": 0.5146920662494037
  },
  "champion_target_25_smooth": {
    "final": 1145492.6365118078,
    "return_pct": 236.03195229596298,
    "annual_pct": 27.44823699276353,
    "max_dd_pct": -21.46460096458562,
    "sharpe": 1.4554649028818207
  },
  "champion_premium_harvest_scale_invariant": {
    "final": 1141321.2224567686,
    "return_pct": 234.80826183818922,
    "annual_pct": 27.355227707617736,
    "max_dd_pct": -16.118954898420885,
    "sharpe": 1.6881708616450908
  },
  "champion_premium_harvest_scale_invariant_hh_storm": {
    "final": 1141321.2224567686,
    "return_pct": 234.80826183818922,
    "annual_pct": 27.355227707617736,
    "max_dd_pct": -16.118954898420885,
    "sharpe": 1.6881708616450908
  },
  "champion_premium_harvest_ultra": {
    "final": 899005.4232516411,
    "return_pct": 163.72456519653363,
    "annual_pct": 21.416104746180544,
    "max_dd_pct": -19.52242639472051,
    "sharpe": 1.5054286818242337
  },
  "champion_target_25_dd_trim": {
    "final": 1138686.4808279688,
    "return_pct": 234.03535650025785,
    "annual_pct": 27.296341133185777,
    "max_dd_pct": -21.38221553559423,
    "sharpe": 1.495500114018965
  },
  "champion_target_25_max_protected": {
    "final": 1071560.4441674547,
    "return_pct": 214.34383476546023,
    "annual_pct": 25.757973209852448,
    "max_dd_pct": -16.993703791887178,
    "sharpe": 1.6023802577455242
  },
  "champion_target_25_nav_aware": {
    "final": 671385.4019226526,
    "return_pct": 96.9518966425527,
    "annual_pct": 14.526057289591666,
    "max_dd_pct": -36.64983953170854,
    "sharpe": 0.8079315367758793
  },
  "champion_target_25_cash_start": {
    "final": 671385.4019226526,
    "return_pct": 96.9518966425527,
    "annual_pct": 14.526057289591666,
    "max_dd_pct": -36.64983953170854,
    "sharpe": 0.8079315367758793
  },
  "champion_target_25_window_safe": {
    "final": 633336.6385031072,
    "return_pct": 85.79023584545575,
    "annual_pct": 13.196780588892354,
    "max_dd_pct": -34.06158214997846,
    "sharpe": 0.7098641918555965
  },
  "champion_aggressive_z_iv_shape": {
    "final": 466063.85631649767,
    "return_pct": 36.72051878877662,
    "annual_pct": 6.458816439726567,
    "max_dd_pct": -43.293164081530335,
    "sharpe": 0.4011067625708857
  },
  "champion_psi_gex": {
    "final": 1134295.2087726155,
    "return_pct": 232.74717037422872,
    "annual_pct": 27.197953388291364,
    "max_dd_pct": -16.376019224172854,
    "sharpe": 1.6785413676151013
  },
  "champion_psi_fasttp": {
    "final": 984128.3800508017,
    "return_pct": 188.6955099644811,
    "annual_pct": 23.63416291703797,
    "max_dd_pct": -17.862191301856917,
    "sharpe": 1.4526769601719736
  },
  "champion_psi_kold15": {
    "final": 1166893.9279156462,
    "return_pct": 242.3100526545876,
    "annual_pct": 27.921201334091815,
    "max_dd_pct": -16.330441290600316,
    "sharpe": 1.7291962173283437
  },
  "champion_smooth_ddtrim": {
    "final": 1114760.37553321,
    "return_pct": 227.0165982675386,
    "annual_pct": 26.756541588598502,
    "max_dd_pct": -16.327546247841493,
    "sharpe": 1.6579906832117572
  },
  "champion_smooth_gex": {
    "final": 1083777.0171101112,
    "return_pct": 217.92758443388905,
    "annual_pct": 26.04357768682228,
    "max_dd_pct": -21.598555382769856,
    "sharpe": 1.390502881255277
  },
  "champion_psi_ivrank": {
    "final": 1150541.7090351845,
    "return_pct": 237.513105158264,
    "annual_pct": 27.56045354267902,
    "max_dd_pct": -10.406396729845495,
    "sharpe": 1.7880036261329533
  },
  "champion_kold15_ivrank": {
    "final": 1166548.878737234,
    "return_pct": 242.2088319698235,
    "annual_pct": 27.91363106103408,
    "max_dd_pct": -10.38570153313527,
    "sharpe": 1.8097419702041002
  },
  "champion_kold15_ivrank_kbh": {
    "final": 1137520.66324299,
    "return_pct": 233.6933621943893,
    "annual_pct": 27.27025027920822,
    "max_dd_pct": -9.595551951343012,
    "sharpe": 2.0593605318308708
  },
  "champion_smooth_ddtrim_ivrank": {
    "final": 1129054.4338400147,
    "return_pct": 231.20978132779334,
    "annual_pct": 27.08013269618421,
    "max_dd_pct": -12.825631340272512,
    "sharpe": 1.845846286444096
  },
  "g3_psi_rf": {
    "final": 1141321.2224567686,
    "return_pct": 234.80826183818922,
    "annual_pct": 27.355227707617736,
    "max_dd_pct": -16.118954898420885,
    "sharpe": 1.6881708616450908
  },
  "g3_kold15_ivrank_rf": {
    "final": 1166548.878737234,
    "return_pct": 242.2088319698235,
    "annual_pct": 27.91363106103408,
    "max_dd_pct": -10.38570153313527,
    "sharpe": 1.8097419702041002
  },
  "g3_timing_rf": {
    "final": 705924.9628340314,
    "return_pct": 107.08412771462585,
    "annual_pct": 15.681531029942386,
    "max_dd_pct": -7.66310947718116,
    "sharpe": 1.5297156194486963
  },
  "g3_full_stack": {
    "final": 672129.2687191796,
    "return_pct": 97.17011106307159,
    "annual_pct": 14.551437969949044,
    "max_dd_pct": -6.613791547013144,
    "sharpe": 1.5639818561666532
  },
  "g3_smooth_ddtrim_rf": {
    "final": 811723.2404256219,
    "return_pct": 138.1202082929456,
    "annual_pct": 18.95989334271593,
    "max_dd_pct": -10.107833055156792,
    "sharpe": 1.6702620738001783
  },
  "g4_rollguards": {
    "final": 655978.5003497764,
    "return_pct": 92.43225937091495,
    "annual_pct": 13.995247706565284,
    "max_dd_pct": -9.503503201177905,
    "sharpe": 1.4752017469182048
  },
  "g4_elevator25": {
    "final": 664314.1027951699,
    "return_pct": 94.87752062708343,
    "annual_pct": 14.283654940411484,
    "max_dd_pct": -6.5673398195966755,
    "sharpe": 1.530040019858605
  },
  "g4_tp_ivrank": {
    "final": 673890.0044509224,
    "return_pct": 97.68662548364134,
    "annual_pct": 14.611424730070354,
    "max_dd_pct": -6.541207522232121,
    "sharpe": 1.5731983496767417
  },
  "g4_dd_ivgate": {
    "final": 697624.7200752662,
    "return_pct": 104.6492392746166,
    "annual_pct": 15.408056885228593,
    "max_dd_pct": -6.8623448296563305,
    "sharpe": 1.6746125847174458
  },
  "g4_spike_defer": {
    "final": 660869.3476733293,
    "return_pct": 93.866996637773,
    "annual_pct": 14.164821249574144,
    "max_dd_pct": -7.177389211307685,
    "sharpe": 1.5291909587292274
  },
  "g4_everything": {
    "final": 630757.607085428,
    "return_pct": 85.03367318002088,
    "annual_pct": 13.1043889681157,
    "max_dd_pct": -9.69110584134443,
    "sharpe": 1.4033599419142304
  },
  "g5_band_k10": {
    "final": 1145925.6751895342,
    "return_pct": 236.15898482996442,
    "annual_pct": 27.457876849863204,
    "max_dd_pct": -7.997132965372707,
    "sharpe": 2.224954821963396
  },
  "g5_band_k15": {
    "final": 1108636.6406756195,
    "return_pct": 225.22019162645773,