{
  "naive_atm": {
    "final": 59443.07329038867,
    "return_pct": -81.31144152922319,
    "annual_pct": -28.49849869049982,
    "max_dd_pct": -90.13336998133113,
    "sharpe": -0.44424140889206787
  },
  "otm_managed": {
    "final": 615966.4833641069,
    "return_pct": 93.65630010671373,
    "annual_pct": 14.131710479758897,
    "max_dd_pct": -13.3739765880697,
    "sharpe": 1.1879557566924008
  },
  "elevator_close_surprise": {
    "final": 598912.7130848357,
    "return_pct": 88.29469335643006,
    "annual_pct": 13.492618489569708,
    "max_dd_pct": -14.008555955937139,
    "sharpe": 1.1932501708225742
  },
  "kelly_firmness": {
    "final": 831240.9678138593,
    "return_pct": 161.33735304036207,
    "annual_pct": 21.182608778133826,
    "max_dd_pct": -37.37109916873666,
    "sharpe": 0.7925266915625551
  },
  "champion_20pct_plus_floor": {
    "final": 846072.8687462021,
    "return_pct": 166.00041691750644,
    "annual_pct": 21.612009138503694,
    "max_dd_pct": -22.731542223138455,
    "sharpe": 1.0420869120254885
  },
  "champion_cut_rebuild_fast": {
    "final": 588949.9097324075,
    "return_pct": 85.1624455994015,
    "annual_pct": 13.112494902585592,
    "max_dd_pct": -25.622696289948404,
    "sharpe": 0.8433543999801953
  },
  "champion_cut_rebuild_slow": {
    "final": 683909.2895477988,
    "return_pct": 115.01712544341265,
    "annual_pct": 16.545258719462442,
    "max_dd_pct": -17.514054903748093,
    "sharpe": 1.12617583986981
  },
  "champion_cut_rebuild": {
    "final": 611132.470882707,
    "return_pct": 92.13651453866653,
    "annual_pct": 13.952007773244656,
    "max_dd_pct": -19.07683899775198,
    "sharpe": 1.0237371936515336
  },
  "champion_aggressive_z_real_iv": {
    "final": 814235.6871526163,
    "return_pct": 155.99099114556086,
    "annual_pct": 20.68267732806739,
    "max_dd_pct": -24.785411959275187,
    "sharpe": 1.1841828187717816
  },
  "champion_aggressive_z": {
    "final": 815081.3094176587,
    "return_pct": 156.25684989527983,
    "annual_pct": 20.707733854733302,
    "max_dd_pct": -24.926477400254534,
    "sharpe": 1.1822426603963687
  },
  "champion_20pct_protected_mom_gated": {
    "final": 818669.6372817522,
    "return_pct": 157.38499942370052,
    "annual_pct": 20.813828347415118,
    "max_dd_pct": -24.926477400254534,
    "sharpe": 1.1065955877253095
  },
  "champion_20pct_protected_wing_all": {
    "final": 836788.2373821909,
    "return_pct": 163.08138251162578,
    "annual_pct": 21.34392067766877,
    "max_dd_pct": -24.823389046052068,
    "sharpe": 1.1705051325314226
  },
  "champion_20pct_protected": {
    "final": 829819.7275915603,
    "return_pct": 160.89052333380067,
    "annual_pct": 21.141141257771203,
    "max_dd_pct": -24.926477400254534,
    "sharpe": 1.1628555966894134
  },
  "champion_trifecta": {
    "final": 570243.0892257964,
    "return_pct": 79.2811294175772,
    "annual_pct": 12.38462890944023,
    "max_dd_pct": -19.07683899775198,
    "sharpe": 0.9512650041433507
  },
  "kelly_z_target_winner": {
    "final": 787723.4999962411,
    "return_pct": 147.65571282911804,
    "annual_pct": 19.886331237022258,
    "max_dd_pct": -23.002598130324785,
    "sharpe": 0.9568041688543983
  },
  "kelly_short_dd_balanced": {
    "final": 423119.79947161104,
    "return_pct": 33.02641796360699,
    "annual_pct": 5.873575332160641,
    "max_dd_pct": -6.293292188458064,
    "sharpe": 1.0374394029018688
  },
  "kelly_short_dd_minimal": {
    "final": 372532.6349156516,
    "return_pct": 17.12210598336288,
    "annual_pct": 3.211425082528918,
    "max_dd_pct": -5.009615019776033,
    "sharpe": 0.9171903725627601
  },
  "beam_put_only": {
    "final": 933610.2871095183,
    "return_pct": 193.5216750037401,
    "annual_pct": 24.030368901872844,
    "max_dd_pct": -21.87033187026062,
    "sharpe": 1.275194773674975
  },
  "champion_target_25": {
    "final": 1115627.3169055977,
    "return_pct": 250.74677652908747,
    "annual_pct": 28.528292414690437,
    "max_dd_pct": -8.925559623680707,
    "sharpe": 2.251628915056267
  },
  "champion_target_25_smooth": {
    "final": 970368.0838982067,
    "return_pct": 205.07811373607944,
    "annual_pct": 24.99199805282668,
    "max_dd_pct": -12.925377039869732,
    "sharpe": 1.9621209777656923
  },
  "champion_premium_harvest": {
    "final": 787340.205694937,
    "return_pct": 147.53520731745917,
    "annual_pct": 19.87466199167187,
    "max_dd_pct": -4.725565639006931,
    "sharpe": 2.76838359196382
  },
  "champion_premium_harvest_scale_invariant": {
    "final": 797054.229063317,
    "return_pct": 150.58924008624962,
    "annual_pct": 20.169010146226228,
    "max_dd_pct": -5.158857078207608,
    "sharpe": 2.955399058014531
  },
  "champion_premium_harvest_ultra": {
    "final": 691947.4514736516,
    "return_pct": 117.54427706652967,
    "annual_pct": 16.81793705696324,
    "max_dd_pct": -8.045444076646225,
    "sharpe": 1.930328932394891
  },
  "champion_target_25_walkforward_safe": {
    "final": 815780.3005911286,
    "return_pct": 156.47660867780667,
    "annual_pct": 20.728429879005496,
    "max_dd_pct": -12.093323845939777,
    "sharpe": 1.726410481116313
  },
  "champion_target_25_dd_trim": {
    "final": 950861.9953312795,
    "return_pct": 198.9455122984261,
    "annual_pct": 24.485396710135788,
    "max_dd_pct": -12.333744583114088,
    "sharpe": 2.0011831999546996
  },
  "champion_target_25_max_protected": {
    "final": 652502.1988979825,
    "return_pct": 105.1429177768823,
    "annual_pct": 15.454617193487374,
    "max_dd_pct": -5.548942071388993,
    "sharpe": 2.316938673588862
  },
  "champion_target_25_nav_aware": {
    "final": 760115.8678856571,
    "return_pct": 138.97603295425927,
    "annual_pct": 19.033956609398217,
    "max_dd_pct": -8.686743457527317,
    "sharpe": 1.9487322424112135
  },
  "champion_target_25_cash_start": {
    "final": 760115.8678856571,
    "return_pct": 138.97603295425927,
    "annual_pct": 19.033956609398217,
    "max_dd_pct": -8.686743457527317,
    "sharpe": 1.9487322424112135
  },
  "champion_target_25_window_safe": {
    "final": 827875.1589414859,
    "return_pct": 160.27916219606433,
    "annual_pct": 21.08431243664841,
    "max_dd_pct": -26.244589591428397,
    "sharpe": 1.2550066150488162
  },
  "champion_aggressive_z_iv_shape": {
    "final": 769422.9076927982,
    "return_pct": 141.90211244506727,
    "annual_pct": 19.324035375607096,
    "max_dd_pct": -25.552568266892166,
    "sharpe": 1.1004517642812248
  },
  "ung_return_pct": -74.86226018353807,
  "initial_nav": 318072.0085144043,
  "years": 5.0,
  "updated_at": "2026-06-04T05:10:15.640311"
}