{
  "naive_atm": {
    "final": 45431.479909105634,
    "return_pct": -85.74993738097159,
    "annual_pct": -32.3017119730934,
    "max_dd_pct": -91.46126040280352,
    "sharpe": -0.6101677482175287
  },
  "otm_managed": {
    "final": 552489.8941133172,
    "return_pct": 73.29427972072725,
    "annual_pct": 11.637278103508075,
    "max_dd_pct": -42.73166786185049,
    "sharpe": 0.9614868070004536
  },
  "regime_aware": {
    "final": 590756.3202052636,
    "return_pct": 85.29694767492184,
    "annual_pct": 13.144234466458403,
    "max_dd_pct": -46.42411367816798,
    "sharpe": 1.0582712722092447
  },
  "deep_otm_passive": {
    "final": 394711.5883201462,
    "return_pct": 23.805450785919092,
    "annual_pct": 4.368226091086269,
    "max_dd_pct": -59.1393503162734,
    "sharpe": 0.296096889532077
  },
  "regime_aware_roll_up": {
    "final": 674648.0823514112,
    "return_pct": 111.61048327171494,
    "annual_pct": 16.19270563478188,
    "max_dd_pct": -53.086217417372026,
    "sharpe": 1.0043468237289732
  },
  "aggressive_unload_on_rich": {
    "final": 580888.1145891306,
    "return_pct": 82.20168095130455,
    "annual_pct": 12.763265973280568,
    "max_dd_pct": -45.513959297294896,
    "sharpe": 1.315908495949229
  },
  "regime_aware_surprise": {
    "final": 577376.0905178352,
    "return_pct": 81.10009757705343,
    "annual_pct": 12.626432804241983,
    "max_dd_pct": -45.18253530929107,
    "sharpe": 1.0375185258789836
  },
  "elevator_close_surprise": {
    "final": 575136.2348836573,
    "return_pct": 80.39754324449642,
    "annual_pct": 12.538816983123358,
    "max_dd_pct": -44.96904987802856,
    "sharpe": 1.0940194944512902
  },
  "elevator_or_mode": {
    "final": 575136.2348836573,
    "return_pct": 80.39754324449642,
    "annual_pct": 12.538816983123358,
    "max_dd_pct": -44.96904987802856,
    "sharpe": 1.0940194944512902
  },
  "no_rolldown": {
    "final": 572182.3768281958,
    "return_pct": 79.4710345253822,
    "annual_pct": 12.422853506182797,
    "max_dd_pct": -44.684955816588605,
    "sharpe": 1.0220729570460998
  },
  "best_of_attribution": {
    "final": 569950.162460952,
    "return_pct": 78.77087695675446,
    "annual_pct": 12.33490250079059,
    "max_dd_pct": -44.468314003876785,
    "sharpe": 1.077659695733822
  },
  "smooth_27": {
    "final": 594231.8423019258,
    "return_pct": 86.38708182001993,
    "annual_pct": 13.277197515617022,
    "max_dd_pct": -57.52603272832714,
    "sharpe": 0.6632393331093905
  },
  "smooth_27_v2": {
    "final": 480834.2215228446,
    "return_pct": 50.81872260777966,
    "annual_pct": 8.575092496509185,
    "max_dd_pct": -59.87747313301617,
    "sharpe": 0.4420154900962375
  },
  "roll_up_plus_divergence": {
    "final": 674648.0823514112,
    "return_pct": 111.61048327171494,
    "annual_pct": 16.19270563478188,
    "max_dd_pct": -53.086217417372026,
    "sharpe": 1.0043468237289732
  },
  "roll_up_calm_boost": {
    "final": 672974.8001932226,
    "return_pct": 111.0856406828053,
    "annual_pct": 16.1349481702171,
    "max_dd_pct": -52.96957115462027,
    "sharpe": 1.0012693516816764
  },
  "roll_up_dte_ladder": {
    "final": 669668.5534599469,
    "return_pct": 110.0486015399599,
    "annual_pct": 16.0204863924289,
    "max_dd_pct": -52.71850110590365,
    "sharpe": 0.9829513632209912
  },
  "smooth_27_v3_core": {
    "final": 453636.23020531633,
    "return_pct": 42.287785905695955,
    "annual_pct": 7.3166561422140175,
    "max_dd_pct": -59.87747313301617,
    "sharpe": 0.3977700130088886
  },
  "ung_return_pct": -75.18315000720496,
  "initial_nav": 318816.00189208984,
  "years": 4.994520547945205,
  "updated_at": "2026-05-31T13:48:59.380094"
}