{
  "naive_atm": {
    "final": 41909.977073780894,
    "return_pct": -86.85449386948707,
    "annual_pct": -33.386522562984986,
    "max_dd_pct": -92.59484361906722,
    "sharpe": -0.5943805121724183
  },
  "otm_managed": {
    "final": 666287.8687099823,
    "return_pct": 108.98821412844319,
    "annual_pct": 15.902979278356932,
    "max_dd_pct": -52.511070305827715,
    "sharpe": 0.9935789213908923
  },
  "regime_aware": {
    "final": 678888.1318698524,
    "return_pct": 112.94041950241783,
    "annual_pct": 16.33855009755827,
    "max_dd_pct": -53.37922115673606,
    "sharpe": 1.0012391397058027
  },
  "deep_otm_passive": {
    "final": 525968.769145374,
    "return_pct": 64.97564928481833,
    "annual_pct": 10.543109088186364,
    "max_dd_pct": -56.00528804735379,
    "sharpe": 0.5641679008212821
  },
  "regime_aware_roll_up": {
    "final": 765187.8223884021,
    "return_pct": 140.00922721796013,
    "annual_pct": 19.1595945376948,
    "max_dd_pct": -58.637222745612895,
    "sharpe": 1.0910762199452153
  },
  "aggressive_unload_on_rich": {
    "final": 634680.6487737586,
    "return_pct": 99.0742763873502,
    "annual_pct": 14.78063911327534,
    "max_dd_pct": -50.131938768936344,
    "sharpe": 1.2346801529757967
  },
  "regime_aware_surprise": {
    "final": 677033.7122449132,
    "return_pct": 112.35876123748328,
    "annual_pct": 16.274853747140195,
    "max_dd_pct": -53.251525171066106,
    "sharpe": 1.009794192801282
  },
  "elevator_close_surprise": {
    "final": 675092.4542350777,
    "return_pct": 111.74986519766259,
    "annual_pct": 16.208024972173128,
    "max_dd_pct": -53.11709787797469,
    "sharpe": 1.0413629049037116
  },
  "elevator_or_mode": {
    "final": 675092.4542350777,
    "return_pct": 111.74986519766259,
    "annual_pct": 16.208024972173128,
    "max_dd_pct": -53.11709787797469,
    "sharpe": 1.0413629049037116
  },
  "no_rolldown": {
    "final": 665609.0342350829,
    "return_pct": 108.77529053901527,
    "annual_pct": 15.879326629082291,
    "max_dd_pct": -52.44912279234089,
    "sharpe": 0.9870917657616426
  },
  "best_of_attribution": {
    "final": 663394.2775583839,
    "return_pct": 108.08060875906848,
    "annual_pct": 15.802023403940746,
    "max_dd_pct": -52.29037312213547,
    "sharpe": 1.0169570304696853
  },
  "smooth_27": {
    "final": 650501.8361574622,
    "return_pct": 104.03675859960084,
    "annual_pct": 15.347885824099006,
    "max_dd_pct": -59.1232935659182,
    "sharpe": 0.7757831757857844
  },
  "smooth_27_v2": {
    "final": 628420.1289368155,
    "return_pct": 97.11059834114535,
    "annual_pct": 14.553050849882831,
    "max_dd_pct": -59.580897684183874,
    "sharpe": 0.7239174349311326
  },
  "roll_up_plus_divergence": {
    "final": 765224.8509932933,
    "return_pct": 140.02084163024543,
    "annual_pct": 19.160749043466517,
    "max_dd_pct": -58.639224256586,
    "sharpe": 1.0911323999086018
  },
  "roll_up_calm_boost": {
    "final": 765744.6379744302,
    "return_pct": 140.18387829655205,
    "annual_pct": 19.176950640170375,
    "max_dd_pct": -58.66729992528153,
    "sharpe": 1.0919060726585599
  },
  "roll_up_dte_ladder": {
    "final": 749908.7221459686,
    "return_pct": 135.21677635233357,
    "annual_pct": 18.679351836198578,
    "max_dd_pct": -57.77761741559736,
    "sharpe": 1.062528880042094
  },
  "roll_up_dte_smart": {
    "final": 768757.9698120083,
    "return_pct": 141.12904159440873,
    "annual_pct": 19.270702331867962,
    "max_dd_pct": -58.81287191393877,
    "sharpe": 1.0908129274324743
  },
  "roll_up_trend_aware": {
    "final": 765686.2785797521,
    "return_pct": 140.1655732571777,
    "annual_pct": 19.175132034607167,
    "max_dd_pct": -58.66414961238674,
    "sharpe": 1.0918290193749511
  },
  "champion_hybrid": {
    "final": 667258.421333482,
    "return_pct": 109.29263819051656,
    "annual_pct": 15.936762817712324,
    "max_dd_pct": -52.547720706842746,
    "sharpe": 1.2669549740997161
  },
  "champion_no_ladder": {
    "final": 665338.8551060105,
    "return_pct": 108.6905460069124,
    "annual_pct": 15.869907402275253,
    "max_dd_pct": -52.42981345170641,
    "sharpe": 1.2608006205589153
  },
  "champion_with_elevator": {
    "final": 665119.5623851668,
    "return_pct": 108.6217625332027,
    "annual_pct": 15.862259973626758,
    "max_dd_pct": -52.41412936086144,
    "sharpe": 1.37662995814091
  },
  "smooth_27_v3_core": {
    "final": 529194.6236152179,
    "return_pct": 65.98747254673094,
    "annual_pct": 10.678522019664971,
    "max_dd_pct": -57.44719512938746,
    "sharpe": 0.5592511185126007
  },
  "ung_return_pct": -75.18315000720496,
  "initial_nav": 318816.00189208984,
  "years": 4.994520547945205,
  "updated_at": "2026-05-31T16:47:35.049975"
}