{
  "naive_atm": {
    "final": 52201.64884958312,
    "return_pct": -83.45913426003602,
    "annual_pct": -30.209350853574414,
    "max_dd_pct": -90.42044945793722,
    "sharpe": -0.5490297598241075
  },
  "otm_managed": {
    "final": 600208.4789326135,
    "return_pct": 90.18494788582998,
    "annual_pct": 13.711568604396817,
    "max_dd_pct": -47.247044444498535,
    "sharpe": 1.018973095245676
  },
  "regime_aware": {
    "final": 598214.5970866879,
    "return_pct": 89.55315688608898,
    "annual_pct": 13.635959869827285,
    "max_dd_pct": -47.071017222721366,
    "sharpe": 1.013718804491811
  },
  "deep_otm_passive": {
    "final": 381714.59971497726,
    "return_pct": 20.95192554286447,
    "annual_pct": 3.8755912680845217,
    "max_dd_pct": -60.169016642671856,
    "sharpe": 0.27818755274888096
  },
  "regime_aware_roll_up": {
    "final": 677346.1737148684,
    "return_pct": 114.6271691758149,
    "annual_pct": 16.49320942850949,
    "max_dd_pct": -53.25449329304603,
    "sharpe": 1.0556671018320003
  },
  "aggressive_unload_on_rich": {
    "final": 607075.6806558273,
    "return_pct": 92.3609224808132,
    "annual_pct": 13.970446886359799,
    "max_dd_pct": -47.843586697275725,
    "sharpe": 1.204218729628114
  },
  "regime_aware_surprise": {
    "final": 584540.3331360983,
    "return_pct": 85.22026378627001,
    "annual_pct": 13.111921485829981,
    "max_dd_pct": -45.83283939288767,
    "sharpe": 0.9777286855746621
  },
  "elevator_close_surprise": {
    "final": 586796.5195315583,
    "return_pct": 85.93516986824396,
    "annual_pct": 13.199056237264518,
    "max_dd_pct": -46.04110785865843,
    "sharpe": 1.0086214514366658
  },
  "elevator_or_mode": {
    "final": 586796.5195315583,
    "return_pct": 85.93516986824396,
    "annual_pct": 13.199056237264518,
    "max_dd_pct": -46.04110785865843,
    "sharpe": 1.0086214514366658
  },
  "no_rolldown": {
    "final": 609778.8666632553,
    "return_pct": 93.21746701157802,
    "annual_pct": 14.071708577417041,
    "max_dd_pct": -48.07479918158016,
    "sharpe": 1.0049839485463419
  },
  "best_of_attribution": {
    "final": 598710.3472321538,
    "return_pct": 89.71024266359662,
    "annual_pct": 13.654777710428313,
    "max_dd_pct": -47.114844009802134,
    "sharpe": 1.0017677143069184
  },
  "smooth_27": {
    "final": 622804.8706695235,
    "return_pct": 97.34494934488053,
    "annual_pct": 14.554688146371998,
    "max_dd_pct": -58.3112941090135,
    "sharpe": 0.75982854903694
  },
  "smooth_27_v2": {
    "final": 628372.168352515,
    "return_pct": 99.10903008827088,
    "annual_pct": 14.7586504169549,
    "max_dd_pct": -58.3112941090135,
    "sharpe": 0.7682613148477969
  },
  "roll_up_plus_divergence": {
    "final": 677346.1737148684,
    "return_pct": 114.6271691758149,
    "annual_pct": 16.49320942850949,
    "max_dd_pct": -53.25449329304603,
    "sharpe": 1.0556671018320003
  },
  "roll_up_calm_boost": {
    "final": 687845.8625256256,
    "return_pct": 117.95415111522783,
    "annual_pct": 16.851951070851623,
    "max_dd_pct": -53.96804454117308,
    "sharpe": 1.07537060199594
  },
  "roll_up_dte_ladder": {
    "final": 675717.7531127275,
    "return_pct": 114.11117998501719,
    "annual_pct": 16.437173482819702,
    "max_dd_pct": -53.12068821195965,
    "sharpe": 1.0452521144969709
  },
  "roll_up_dte_smart": {
    "final": 680457.4719606617,
    "return_pct": 115.61303011497688,
    "annual_pct": 16.59997397702593,
    "max_dd_pct": -53.447225529596466,
    "sharpe": 1.053615958309372
  },
  "roll_up_trend_aware": {
    "final": 678204.5380564891,
    "return_pct": 114.8991546330489,
    "annual_pct": 16.522703425102936,
    "max_dd_pct": -53.31365638299413,
    "sharpe": 1.0573042902574303
  },
  "champion_hybrid": {
    "final": 670466.8771843025,
    "return_pct": 112.4473621619528,
    "annual_pct": 16.25574540391912,
    "max_dd_pct": -52.75354487022932,
    "sharpe": 1.2021889462567235
  },
  "champion_no_ladder": {
    "final": 662625.8445224146,
    "return_pct": 109.96281480796637,
    "annual_pct": 15.982694316676827,
    "max_dd_pct": -52.21603508517102,
    "sharpe": 1.1881807848473402
  },
  "champion_with_elevator": {
    "final": 662687.8198769665,
    "return_pct": 109.9824526171433,
    "annual_pct": 15.984862618247476,
    "max_dd_pct": -52.22050389850765,
    "sharpe": 1.2415608883112665
  },
  "champion_clean": {
    "final": 678204.5380564891,
    "return_pct": 114.8991546330489,
    "annual_pct": 16.522703425102936,
    "max_dd_pct": -53.31365638299413,
    "sharpe": 1.0573042902574303
  },
  "champion_tight_itm": {
    "final": 678204.5380564891,
    "return_pct": 114.8991546330489,
    "annual_pct": 16.522703425102936,
    "max_dd_pct": -53.31365638299413,
    "sharpe": 1.0573042902574303
  },
  "champion_tight_plus_elev": {
    "final": 679157.210841864,
    "return_pct": 115.2010231177477,
    "annual_pct": 16.555402976412694,
    "max_dd_pct": -53.37914462091986,
    "sharpe": 1.0883355958166452
  },
  "champion_biweekly": {
    "final": 738119.8085414016,
    "return_pct": 133.88419565579963,
    "annual_pct": 18.511299126264213,
    "max_dd_pct": -57.247992205502676,
    "sharpe": 1.189866708178886
  },
  "champion_vol_aware": {
    "final": 698768.9309469761,
    "return_pct": 121.41528715609526,
    "annual_pct": 17.220537986300343,
    "max_dd_pct": -54.68761030429869,
    "sharpe": 1.0577558668380707
  },
  "champion_vol_unleashed": {
    "final": 713757.1755730456,
    "return_pct": 126.16453449791622,
    "annual_pct": 17.718868978597,
    "max_dd_pct": -55.639128838323515,
    "sharpe": 1.0800281502681959
  },
  "champion_vol_pure": {
    "final": 235090.26714829187,
    "return_pct": -25.508166286528787,
    "annual_pct": -5.716490280299724,
    "max_dd_pct": -72.87058757337147,
    "sharpe": 0.06892498839694362
  },
  "champion_vol_tp30": {
    "final": 622757.5561240187,
    "return_pct": 97.32995703023168,
    "annual_pct": 14.552948500581353,
    "max_dd_pct": -49.15695555203751,
    "sharpe": 1.2748055411435857
  },
  "champion_vol_tp70": {
    "final": 765556.355302739,
    "return_pct": 142.57787193516776,
    "annual_pct": 19.37904050649326,
    "max_dd_pct": -63.86578751430694,
    "sharpe": 0.9182020657129556
  },
  "champion_vol_tp80": {
    "final": 694460.134637065,
    "return_pct": 120.04998121588528,
    "annual_pct": 17.075696768413586,
    "max_dd_pct": -65.99454195345614,
    "sharpe": 0.7715457667523304
  },
  "champion_vol_tp90": {
    "final": 700665.7727188957,
    "return_pct": 122.01632957086046,
    "annual_pct": 17.28407432737733,
    "max_dd_pct": -65.54680416803129,
    "sharpe": 0.7731826168791969
  },
  "champion_vol_tp_dyn": {
    "final": 661799.9375651293,
    "return_pct": 109.70111395377451,
    "annual_pct": 15.953783211037663,
    "max_dd_pct": -52.15640209515438,
    "sharpe": 1.168149500833017
  },
  "champion_dyn_freq_itm": {
    "final": 620347.991316777,
    "return_pct": 96.56645072637579,
    "annual_pct": 14.464214257223551,
    "max_dd_pct": -48.95947024974001,
    "sharpe": 1.4596093654338151
  },
  "champion_dyn_itm_3pct": {
    "final": 614933.7542873848,
    "return_pct": 94.85086951848005,
    "annual_pct": 14.263819940877976,
    "max_dd_pct": -48.51007952391476,
    "sharpe": 1.4406668864132384
  },
  "champion_dyn_itm_10pct": {
    "final": 618272.7618103451,
    "return_pct": 95.9088835153398,
    "annual_pct": 14.387570891653745,
    "max_dd_pct": -48.78815296082773,
    "sharpe": 1.5787100633161246
  },
  "champion_dyn_itm_15pct": {
    "final": 629247.9896847708,
    "return_pct": 99.38654705159102,
    "annual_pct": 14.790605067779783,
    "max_dd_pct": -49.68138059180788,
    "sharpe": 1.6646121891860142
  },
  "champion_dyn_itm_20pct": {
    "final": 646101.9380218876,
    "return_pct": 104.72697025231841,
    "annual_pct": 15.398703395826562,
    "max_dd_pct": -50.993971317811834,
    "sharpe": 1.7749058401775082
  },
  "champion_dyn_itm_30pct": {
    "final": 586566.3934678059,