{
  "naive_atm": {
    "final": 67116.34124783872,
    "return_pct": -78.68293905699738,
    "annual_pct": -26.59164952357731,
    "max_dd_pct": -89.94034656000304,
    "sharpe": -0.4192673797317792
  },
  "otm_managed": {
    "final": 630029.8582744153,
    "return_pct": 100.10603431365527,
    "annual_pct": 14.882013061665322,
    "max_dd_pct": -49.76696553478438,
    "sharpe": 1.1253110659609218
  },
  "regime_aware": {
    "final": 593407.9477611906,
    "return_pct": 88.47441846950738,
    "annual_pct": 13.514275701595867,
    "max_dd_pct": -46.666983136616096,
    "sharpe": 1.0304434499137909
  },
  "deep_otm_passive": {
    "final": 456433.4645310242,
    "return_pct": 44.969463456069825,
    "annual_pct": 7.709821536013761,
    "max_dd_pct": -59.32867369598762,
    "sharpe": 0.4287759571800395
  },
  "regime_aware_roll_up": {
    "final": 663949.8168735607,
    "return_pct": 110.87947355659664,
    "annual_pct": 16.093221242712463,
    "max_dd_pct": -52.33339134900229,
    "sharpe": 1.0619244121595866
  },
  "aggressive_unload_on_rich": {
    "final": 589540.899671244,
    "return_pct": 87.24619150912358,
    "annual_pct": 13.36594135693372,
    "max_dd_pct": -46.31714932337659,
    "sharpe": 1.1654028099363665
  },
  "regime_aware_surprise": {
    "final": 611464.7525808476,
    "return_pct": 94.2095047632485,
    "annual_pct": 14.196842543164045,
    "max_dd_pct": -48.241928988982735,
    "sharpe": 1.0925412792985607
  },
  "elevator_close_surprise": {
    "final": 607378.6951429626,
    "return_pct": 92.91171746136979,
    "annual_pct": 14.043810949881541,
    "max_dd_pct": -47.893733616447705,
    "sharpe": 1.1097016480442687
  },
  "elevator_or_mode": {
    "final": 607378.6951429626,
    "return_pct": 92.91171746136979,
    "annual_pct": 14.043810949881541,
    "max_dd_pct": -47.893733616447705,
    "sharpe": 1.1097016480442687
  },
  "no_rolldown": {
    "final": 602466.9031676943,
    "return_pct": 91.35166566281445,
    "annual_pct": 13.858759911221208,
    "max_dd_pct": -47.52843977376597,
    "sharpe": 1.0659252382408704
  },
  "best_of_attribution": {
    "final": 596623.0711364362,
    "return_pct": 89.49558529199994,
    "annual_pct": 13.637015549630348,
    "max_dd_pct": -47.01558866665378,
    "sharpe": 1.0780405908748392
  },
  "smooth_27": {
    "final": 678086.135563966,
    "return_pct": 115.36936024336208,
    "annual_pct": 16.58341793361753,
    "max_dd_pct": -57.324952415486884,
    "sharpe": 0.8825085097412375
  },
  "smooth_27_v2": {
    "final": 680829.7209842039,
    "return_pct": 116.24076021121161,
    "annual_pct": 16.67760660287294,
    "max_dd_pct": -57.324952415486884,
    "sharpe": 0.8866293509785509
  },
  "roll_up_plus_divergence": {
    "final": 663949.8168735607,
    "return_pct": 110.87947355659664,
    "annual_pct": 16.093221242712463,
    "max_dd_pct": -52.33339134900229,
    "sharpe": 1.0619244121595866
  },
  "roll_up_calm_boost": {
    "final": 668442.4629346146,
    "return_pct": 112.3063989237763,
    "annual_pct": 16.249907716612057,
    "max_dd_pct": -52.653761782471676,
    "sharpe": 1.0707914475972016
  },
  "roll_up_dte_ladder": {
    "final": 664570.2878596701,
    "return_pct": 111.07654356336916,
    "annual_pct": 16.114911304989697,
    "max_dd_pct": -52.35803931539965,
    "sharpe": 1.0622721190850344
  },
  "roll_up_dte_smart": {
    "final": 668054.3161628492,
    "return_pct": 112.18311824079032,
    "annual_pct": 16.23640393340906,
    "max_dd_pct": -52.6065010578482,
    "sharpe": 1.0685745457886677
  },
  "roll_up_trend_aware": {
    "final": 666868.4821237398,
    "return_pct": 111.80648125477468,
    "annual_pct": 16.195109370129423,
    "max_dd_pct": -52.542012505936405,
    "sharpe": 1.06777257314117
  },
  "champion_hybrid": {
    "final": 643792.383632804,
    "return_pct": 104.47719916471665,
    "annual_pct": 15.379586329943496,
    "max_dd_pct": -50.82043166198363,
    "sharpe": 1.154954128177247
  },
  "champion_no_ladder": {
    "final": 636913.281387634,
    "return_pct": 102.29230292235543,
    "annual_pct": 15.131952992918407,
    "max_dd_pct": -50.309976240624074,
    "sharpe": 1.1376174683158224
  },
  "champion_with_elevator": {
    "final": 636397.3219547946,
    "return_pct": 102.1284272034252,
    "annual_pct": 15.113293411716633,
    "max_dd_pct": -50.269690030119754,
    "sharpe": 1.1864629258818782
  },
  "champion_clean": {
    "final": 666868.4821237398,
    "return_pct": 111.80648125477468,
    "annual_pct": 16.195109370129423,
    "max_dd_pct": -52.542012505936405,
    "sharpe": 1.06777257314117
  },
  "champion_tight_itm": {
    "final": 666868.4821237398,
    "return_pct": 111.80648125477468,
    "annual_pct": 16.195109370129423,
    "max_dd_pct": -52.542012505936405,
    "sharpe": 1.06777257314117
  },
  "champion_tight_plus_elev": {
    "final": 666368.3593381759,
    "return_pct": 111.64763546996825,
    "annual_pct": 16.17767586900467,
    "max_dd_pct": -52.50639433684092,
    "sharpe": 1.0972884001875856
  },
  "champion_biweekly": {
    "final": 730605.047404336,
    "return_pct": 132.05007947725508,
    "annual_pct": 18.335852631934046,
    "max_dd_pct": -56.81643305560009,
    "sharpe": 1.1358987031276904
  },
  "champion_vol_aware": {
    "final": 697094.9828203864,
    "return_pct": 121.40682813698614,
    "annual_pct": 17.229848047974073,
    "max_dd_pct": -54.5998223129256,
    "sharpe": 1.0605314504494774
  },
  "champion_vol_unleashed": {
    "final": 730710.7729760668,
    "return_pct": 132.08365935383827,
    "annual_pct": 18.339277300731773,
    "max_dd_pct": -56.6884227586854,
    "sharpe": 1.1283560605068845
  },
  "champion_vol_pure": {
    "final": 551886.7017328641,
    "return_pct": 75.28670716762316,
    "annual_pct": 11.87931445261401,
    "max_dd_pct": -58.00042141466629,
    "sharpe": 0.6297876016685511
  },
  "champion_vol_tp30": {
    "final": 680594.6672624081,
    "return_pct": 116.16610395881102,
    "annual_pct": 16.669548995209873,
    "max_dd_pct": -53.499141842950394,
    "sharpe": 1.0469002105739125
  },
  "champion_vol_tp70": {
    "final": 836978.6028895432,
    "return_pct": 165.8357644958801,
    "annual_pct": 21.596950010632042,
    "max_dd_pct": -62.18752071372814,
    "sharpe": 1.195241247933434
  },
  "champion_vol_tp80": {
    "final": 955803.0198477802,
    "return_pct": 203.57601211250747,
    "annual_pct": 24.868671246166517,
    "max_dd_pct": -66.88832800522657,
    "sharpe": 1.1407939636070228
  },
  "champion_vol_tp90": {
    "final": 939858.5566732902,
    "return_pct": 198.5118341958513,
    "annual_pct": 24.449257719650895,
    "max_dd_pct": -66.32659684789671,
    "sharpe": 1.090442633330208
  },
  "champion_vol_tp_dyn": {
    "final": 731509.9922911149,
    "return_pct": 132.33750225601307,
    "annual_pct": 18.365152842251465,
    "max_dd_pct": -56.73574330038852,
    "sharpe": 1.1304355312955428
  },
  "champion_dyn_freq_itm": {
    "final": 677319.844531852,
    "return_pct": 115.12597581077912,
    "annual_pct": 16.557056315691,
    "max_dd_pct": -53.27431147881375,
    "sharpe": 1.228352940283574
  },
  "champion_dyn_itm_3pct": {
    "final": 686798.565362353,
    "return_pct": 118.13654620017746,
    "annual_pct": 16.88147578680359,
    "max_dd_pct": -53.919187253811316,
    "sharpe": 1.1862170521668403
  },
  "champion_dyn_itm_10pct": {
    "final": 678883.8744478194,
    "return_pct": 115.6227329404957,
    "annual_pct": 16.61083609955112,
    "max_dd_pct": -53.38195930702406,
    "sharpe": 1.3037261051135205
  },
  "champion_dyn_itm_15pct": {
    "final": 671724.6062222722,
    "return_pct": 113.34885218010476,
    "annual_pct": 16.363844724782762,
    "max_dd_pct": -52.88510232965727,
    "sharpe": 1.3880775291794287
  },
  "champion_dyn_itm_20pct": {
    "final": 669129.2766881671,
    "return_pct": 112.52454029395183,
    "annual_pct": 16.27378688215071,
    "max_dd_pct": -52.70235933860869,
    "sharpe": 1.394980584286561
  },