{
  "naive_atm": {
    "final": 67376.07655811563,
    "return_pct": -78.60044359709475,
    "annual_pct": -26.534920286177034,
    "max_dd_pct": -90.16167414004458,
    "sharpe": -0.42084699896394745
  },
  "otm_managed": {
    "final": 629701.6217318624,
    "return_pct": 100.00178193262217,
    "annual_pct": 14.870040189281198,
    "max_dd_pct": -49.720141192818126,
    "sharpe": 1.0371913735000484
  },
  "regime_aware": {
    "final": 621739.5581346013,
    "return_pct": 97.47292246592197,
    "annual_pct": 14.578072151660336,
    "max_dd_pct": -49.07637415524218,
    "sharpe": 1.0151433637905898
  },
  "deep_otm_passive": {
    "final": 456783.6094343908,
    "return_pct": 45.08067422985715,
    "annual_pct": 7.726342006417641,
    "max_dd_pct": -57.298293568196634,
    "sharpe": 0.43633892576918937
  },
  "regime_aware_roll_up": {
    "final": 683746.6209746186,
    "return_pct": 117.1672072389288,
    "annual_pct": 16.77741280918541,
    "max_dd_pct": -53.694494919475744,
    "sharpe": 1.0336756045357602
  },
  "aggressive_unload_on_rich": {
    "final": 608271.1200873487,
    "return_pct": 93.19516373649206,
    "annual_pct": 14.077304313868556,
    "max_dd_pct": -47.94881495148925,
    "sharpe": 1.2313233581754175
  },
  "regime_aware_surprise": {
    "final": 618830.2345417895,
    "return_pct": 96.54888180491706,
    "annual_pct": 14.470641194958556,
    "max_dd_pct": -48.83696551320745,
    "sharpe": 1.019033409576626
  },
  "elevator_close_surprise": {
    "final": 614266.5805617116,
    "return_pct": 95.09940335887272,
    "annual_pct": 14.301304843517526,
    "max_dd_pct": -48.45685304517281,
    "sharpe": 1.0318158194225588
  },
  "elevator_or_mode": {
    "final": 614266.5805617116,
    "return_pct": 95.09940335887272,
    "annual_pct": 14.301304843517526,
    "max_dd_pct": -48.45685304517281,
    "sharpe": 1.0318158194225588
  },
  "no_rolldown": {
    "final": 610250.5505339571,
    "return_pct": 93.82385771292576,
    "annual_pct": 14.151453727019403,
    "max_dd_pct": -48.1454970061098,
    "sharpe": 0.9973912305087447
  },
  "best_of_attribution": {
    "final": 605689.6789100436,
    "return_pct": 92.37526298096385,
    "annual_pct": 13.980313014557154,
    "max_dd_pct": -47.755535354671174,
    "sharpe": 1.0092494172014124
  },
  "smooth_27": {
    "final": 701994.5436830273,
    "return_pct": 122.96299516815945,
    "annual_pct": 17.394177661393286,
    "max_dd_pct": -55.59231431273987,
    "sharpe": 0.906928829522584
  },
  "smooth_27_v2": {
    "final": 710381.7733074273,
    "return_pct": 125.62689313581052,
    "annual_pct": 17.67336496896188,
    "max_dd_pct": -55.59231431273987,
    "sharpe": 0.9188650335627401
  },
  "roll_up_plus_divergence": {
    "final": 683746.6209746186,
    "return_pct": 117.1672072389288,
    "annual_pct": 16.77741280918541,
    "max_dd_pct": -53.694494919475744,
    "sharpe": 1.0336756045357602
  },
  "roll_up_calm_boost": {
    "final": 686111.8224438558,
    "return_pct": 117.91842732817695,
    "annual_pct": 16.858092031061123,
    "max_dd_pct": -53.85412173986796,
    "sharpe": 1.0378084721176462
  },
  "roll_up_dte_ladder": {
    "final": 688065.8330646172,
    "return_pct": 118.53904762290117,
    "annual_pct": 16.924577483348635,
    "max_dd_pct": -53.96377641146237,
    "sharpe": 1.0424895502757838
  },
  "roll_up_dte_smart": {
    "final": 696745.3630534997,
    "return_pct": 121.29578415367241,
    "annual_pct": 17.21808663869,
    "max_dd_pct": -54.53726107946285,
    "sharpe": 1.0561174426785107
  },
  "roll_up_trend_aware": {
    "final": 684844.8354304663,
    "return_pct": 117.51601505604961,
    "annual_pct": 16.8149016460722,
    "max_dd_pct": -53.76875024335914,
    "sharpe": 1.0356665844227189
  },
  "champion_hybrid": {
    "final": 663970.9108801532,
    "return_pct": 110.88617329939706,
    "annual_pct": 16.09395890088838,
    "max_dd_pct": -52.29316222211181,
    "sharpe": 1.2157737955554448
  },
  "champion_no_ladder": {
    "final": 652056.3122722848,
    "return_pct": 107.10193506600669,
    "annual_pct": 15.674287027213495,
    "max_dd_pct": -51.44402096040067,
    "sharpe": 1.1916742891119714
  },
  "champion_with_elevator": {
    "final": 653249.9090674152,
    "return_pct": 107.4810376086976,
    "annual_pct": 15.716604683584578,
    "max_dd_pct": -51.53274085176479,
    "sharpe": 1.245598501295861
  },
  "champion_clean": {
    "final": 684844.8354304663,
    "return_pct": 117.51601505604961,
    "annual_pct": 16.8149016460722,
    "max_dd_pct": -53.76875024335914,
    "sharpe": 1.0356665844227189
  },
  "champion_tight_itm": {
    "final": 684844.8354304663,
    "return_pct": 117.51601505604961,
    "annual_pct": 16.8149016460722,
    "max_dd_pct": -53.76875024335914,
    "sharpe": 1.0356665844227189
  },
  "champion_tight_plus_elev": {
    "final": 685975.9045138184,
    "return_pct": 117.87525794879801,
    "annual_pct": 16.853461774541103,
    "max_dd_pct": -53.84497848540144,
    "sharpe": 1.0619023865556296
  },
  "champion_biweekly": {
    "final": 768681.2014288045,
    "return_pct": 144.14358279886065,
    "annual_pct": 19.54435213106036,
    "max_dd_pct": -58.948742034468204,
    "sharpe": 1.153464187588797
  },
  "champion_vol_aware": {
    "final": 693384.4844111104,
    "return_pct": 120.22832348001486,
    "annual_pct": 17.104783237103007,
    "max_dd_pct": -54.338129359468866,
    "sharpe": 1.0224405904047797
  },
  "champion_vol_unleashed": {
    "final": 706287.5869389697,
    "return_pct": 124.32652397524886,
    "annual_pct": 17.53741238056492,
    "max_dd_pct": -55.17232184618963,
    "sharpe": 1.0497079498210489
  },
  "champion_vol_pure": {
    "final": 466524.90818158805,
    "return_pct": 48.174642929539324,
    "annual_pct": 8.181943138348924,
    "max_dd_pct": -56.76038201855602,
    "sharpe": 0.44537905527520033
  },
  "champion_vol_tp30": {
    "final": 684546.7741170363,
    "return_pct": 117.42134673735092,
    "annual_pct": 16.804731731879976,
    "max_dd_pct": -53.748620505633404,
    "sharpe": 1.054733430898571
  },
  "champion_vol_tp70": {
    "final": 867175.4207505002,
    "return_pct": 175.42668370659467,
    "annual_pct": 22.461959033581145,
    "max_dd_pct": -63.489241191903055,
    "sharpe": 1.208572846414787
  },
  "champion_vol_tp80": {
    "final": 849504.0745291103,
    "return_pct": 169.81402429545022,
    "annual_pct": 21.95873299130855,
    "max_dd_pct": -62.77640616036866,
    "sharpe": 1.0304924821544674
  },
  "champion_vol_tp90": {
    "final": 747053.6239326684,
    "return_pct": 137.27437063736647,
    "annual_pct": 18.86395210869045,
    "max_dd_pct": -65.23395082366682,
    "sharpe": 0.7991261959408908
  },
  "champion_vol_tp_dyn": {
    "final": 692968.4039477047,
    "return_pct": 120.09617067742302,
    "annual_pct": 17.090725607263657,
    "max_dd_pct": -54.310712507289395,
    "sharpe": 1.0714137469948073
  },
  "champion_dyn_freq_itm": {
    "final": 670816.5444985835,
    "return_pct": 113.06043945163977,
    "annual_pct": 16.332366724472003,
    "max_dd_pct": -52.80195026346976,
    "sharpe": 1.217675917408755
  },
  "champion_dyn_itm_3pct": {
    "final": 673394.8181563177,
    "return_pct": 113.87933415995981,
    "annual_pct": 16.42165391297428,
    "max_dd_pct": -52.982660724927264,
    "sharpe": 1.1625894591008765
  },
  "champion_dyn_itm_10pct": {
    "final": 666079.0341312601,
    "return_pct": 111.55574185727271,
    "annual_pct": 16.167585663235574,
    "max_dd_pct": -52.46625248815111,
    "sharpe": 1.279085154273227
  },
  "champion_dyn_itm_15pct": {
    "final": 659520.4010317037,
    "return_pct": 109.47263096525073,
    "annual_pct": 15.937907427992283,
    "max_dd_pct": -51.99355079569477,
    "sharpe": 1.363378169087916
  },
  "champion_dyn_itm_20pct": {
    "final": 672558.8278788042,
    "return_pct": 113.61381230101779,
    "annual_pct": 16.392733067359533,
    "max_dd_pct": -52.9242181963644,
    "sharpe": 1.4192017444467895
  },