{
  "champion_cut_rebuild": {
    "final": 561729.5468329672,
    "return_pct": 76.60452092486743,
    "annual_pct": 12.047033635654426,
    "max_dd_pct": -19.05869694551008,
    "sharpe": 0.9198991027653567
  },
  "champion_aggressive_z": {
    "final": 834358.5106712051,
    "return_pct": 162.31749048530943,
    "annual_pct": 21.27337102502489,
    "max_dd_pct": -24.156934355527905,
    "sharpe": 1.2088380960372083
  },
  "champion_20pct_protected_mom_gated": {
    "final": 825518.5488433779,
    "return_pct": 159.5382576099881,
    "annual_pct": 21.015298655301628,
    "max_dd_pct": -24.156934355527905,
    "sharpe": 1.1103733474884177
  },
  "champion_20pct_protected_wing_all": {
    "final": 819927.318744224,
    "return_pct": 157.7804072020668,
    "annual_pct": 20.850925613752523,
    "max_dd_pct": -24.11436532260362,
    "sharpe": 1.1507904390466357
  },
  "champion_20pct_protected": {
    "final": 822403.4935395378,
    "return_pct": 158.55890223747687,
    "annual_pct": 20.92383138772307,
    "max_dd_pct": -24.156934355527905,
    "sharpe": 1.1614506314262978
  },
  "champion_trifecta": {
    "final": 517504.9597230897,
    "return_pct": 62.7005664975558,
    "annual_pct": 10.22441765651374,
    "max_dd_pct": -19.586948767807954,
    "sharpe": 0.8141159917647686
  },
  "champion_target_25_smooth": {
    "final": 943458.4593848231,
    "return_pct": 196.61788341305657,
    "annual_pct": 24.29093821327857,
    "max_dd_pct": -9.440764019146368,
    "sharpe": 1.914780988374575
  },
  "champion_premium_harvest_scale_invariant": {
    "final": 740523.7989383048,
    "return_pct": 132.81639978224277,
    "annual_pct": 18.413907864793643,
    "max_dd_pct": -4.86892152986231,
    "sharpe": 2.7120643923859005
  },
  "champion_premium_harvest_ultra": {
    "final": 683973.5578729033,
    "return_pct": 115.03733103314832,
    "annual_pct": 16.54744903538903,
    "max_dd_pct": -6.494866749679624,
    "sharpe": 1.7757185262979653
  },
  "champion_target_25_dd_trim": {
    "final": 926858.0435839503,
    "return_pct": 191.3988086889376,
    "annual_pct": 23.85044015861386,
    "max_dd_pct": -8.828620846618792,
    "sharpe": 1.9826919010827835
  },
  "champion_target_25_max_protected": {
    "final": 593396.7015502795,
    "return_pct": 86.56049123021361,
    "annual_pct": 13.28278967848231,
    "max_dd_pct": -4.770628546088859,
    "sharpe": 2.0287642458678867
  },
  "champion_target_25_nav_aware": {
    "final": 724505.1825636486,
    "return_pct": 127.78023943305858,
    "annual_pct": 17.89712346940626,
    "max_dd_pct": -8.880685900319833,
    "sharpe": 1.9894741388999884
  },
  "champion_target_25_cash_start": {
    "final": 724505.1825636486,
    "return_pct": 127.78023943305858,
    "annual_pct": 17.89712346940626,
    "max_dd_pct": -8.880685900319833,
    "sharpe": 1.9894741388999884
  },
  "champion_target_25_window_safe": {
    "final": 795720.2955332475,
    "return_pct": 150.1698590988123,
    "annual_pct": 20.128760717226758,
    "max_dd_pct": -26.435663566170774,
    "sharpe": 1.1956159552812422
  },
  "champion_aggressive_z_iv_shape": {
    "final": 703410.8451854809,
    "return_pct": 121.14830175432618,
    "annual_pct": 17.202458491865414,
    "max_dd_pct": -23.17624884136936,
    "sharpe": 1.0056034171859949
  },
  "ung_return_pct": -74.86226018353807,
  "initial_nav": 318072.0085144043,
  "years": 5.0,
  "updated_at": "2026-06-05T10:48:29.145203"
}