{
  "naive_atm": {
    "final": 52201.64884958312,
    "return_pct": -83.45913426003602,
    "annual_pct": -30.209350853574414,
    "max_dd_pct": -90.42044945793722,
    "sharpe": -0.5490297598241075
  },
  "otm_managed": {
    "final": 600208.4789326135,
    "return_pct": 90.18494788582998,
    "annual_pct": 13.711568604396817,
    "max_dd_pct": -47.247044444498535,
    "sharpe": 1.018973095245676
  },
  "regime_aware": {
    "final": 614690.8004419608,
    "return_pct": 94.77388599350087,
    "annual_pct": 14.2547945726619,
    "max_dd_pct": -48.489728358465,
    "sharpe": 1.048457056393382
  },
  "deep_otm_passive": {
    "final": 381714.59971497726,
    "return_pct": 20.95192554286447,
    "annual_pct": 3.8755912680845217,
    "max_dd_pct": -60.169016642671856,
    "sharpe": 0.27818755274888096
  },
  "regime_aware_roll_up": {
    "final": 696682.8747536049,
    "return_pct": 120.75428934891872,
    "annual_pct": 17.15050421490556,
    "max_dd_pct": -54.55193280369327,
    "sharpe": 1.0875531293615741
  },
  "aggressive_unload_on_rich": {
    "final": 622794.6687688429,
    "return_pct": 97.34171672152152,
    "annual_pct": 14.554313055154534,
    "max_dd_pct": -49.159985314405425,
    "sharpe": 1.2393536056807644
  },
  "regime_aware_surprise": {
    "final": 590951.6644400171,
    "return_pct": 87.25178908575096,
    "annual_pct": 13.35883046868589,
    "max_dd_pct": -46.420507781593976,
    "sharpe": 0.991963965558192
  },
  "elevator_close_surprise": {
    "final": 593242.6442027456,
    "return_pct": 87.97771996156408,
    "annual_pct": 13.446539482467056,
    "max_dd_pct": -46.62742064190361,
    "sharpe": 1.0231572464827587
  },
  "elevator_or_mode": {
    "final": 593242.6442027456,
    "return_pct": 87.97771996156408,
    "annual_pct": 13.446539482467056,
    "max_dd_pct": -46.62742064190361,
    "sharpe": 1.0231572464827587
  },
  "no_rolldown": {
    "final": 609778.8666632553,
    "return_pct": 93.21746701157802,
    "annual_pct": 14.071708577417041,
    "max_dd_pct": -48.07479918158016,
    "sharpe": 1.0049839485463419
  },
  "best_of_attribution": {
    "final": 598710.3472321538,
    "return_pct": 89.71024266359662,
    "annual_pct": 13.654777710428313,
    "max_dd_pct": -47.114844009802134,
    "sharpe": 1.0017677143069184
  },
  "smooth_27": {
    "final": 622804.8706695235,
    "return_pct": 97.34494934488053,
    "annual_pct": 14.554688146371998,
    "max_dd_pct": -58.3112941090135,
    "sharpe": 0.75982854903694
  },
  "smooth_27_v2": {
    "final": 628372.168352515,
    "return_pct": 99.10903008827088,
    "annual_pct": 14.7586504169549,
    "max_dd_pct": -58.3112941090135,
    "sharpe": 0.7682613148477969
  },
  "roll_up_plus_divergence": {
    "final": 696682.8747536049,
    "return_pct": 120.75428934891872,
    "annual_pct": 17.15050421490556,
    "max_dd_pct": -54.55193280369327,
    "sharpe": 1.0875531293615741
  },
  "roll_up_calm_boost": {
    "final": 704381.9946961813,
    "return_pct": 123.1938695555323,
    "annual_pct": 17.408154483437045,
    "max_dd_pct": -55.04869467883683,
    "sharpe": 1.1014751616525824
  },
  "roll_up_dte_ladder": {
    "final": 695492.2414742293,
    "return_pct": 120.37701955660944,
    "annual_pct": 17.11045663619595,
    "max_dd_pct": -54.45357785481582,
    "sharpe": 1.0781527738453183
  },
  "roll_up_dte_smart": {
    "final": 703186.07055122,
    "return_pct": 122.81492327408468,
    "annual_pct": 17.368281298612743,
    "max_dd_pct": -54.95191876589048,
    "sharpe": 1.0913555392155243
  },
  "roll_up_trend_aware": {
    "final": 697186.2693635399,
    "return_pct": 120.9137973882366,
    "annual_pct": 17.167419689099294,
    "max_dd_pct": -54.58474801114058,
    "sharpe": 1.0884866502466803
  },
  "champion_hybrid": {
    "final": 694177.0216080039,
    "return_pct": 119.96027265866273,
    "annual_pct": 17.0661547067237,
    "max_dd_pct": -54.36728349851161,
    "sharpe": 1.2477899616111514
  },
  "champion_no_ladder": {
    "final": 679998.3379108022,
    "return_pct": 115.46754668978365,
    "annual_pct": 16.584243339579974,
    "max_dd_pct": -53.43681250222215,
    "sharpe": 1.220406349478226
  },
  "champion_with_elevator": {
    "final": 680656.9684207218,
    "return_pct": 115.67624352363683,
    "annual_pct": 16.6068063854528,
    "max_dd_pct": -53.48186887767703,
    "sharpe": 1.276028621189257
  },
  "champion_clean": {
    "final": 697186.2693635399,
    "return_pct": 120.9137973882366,
    "annual_pct": 17.167419689099294,
    "max_dd_pct": -54.58474801114058,
    "sharpe": 1.0884866502466803
  },
  "champion_tight_itm": {
    "final": 697186.2693635399,
    "return_pct": 120.9137973882366,
    "annual_pct": 17.167419689099294,
    "max_dd_pct": -54.58474801114058,
    "sharpe": 1.0884866502466803
  },
  "champion_tight_plus_elev": {
    "final": 698535.8470339358,
    "return_pct": 121.34143106540253,
    "annual_pct": 17.21272112372867,
    "max_dd_pct": -54.67249069498396,
    "sharpe": 1.120896991344461
  },
  "champion_biweekly": {
    "final": 757006.4133586751,
    "return_pct": 139.86869617352173,
    "annual_pct": 19.111336239485553,
    "max_dd_pct": -58.314614973964076,
    "sharpe": 1.2194512524081413
  },
  "champion_vol_aware": {
    "final": 716199.4664621936,
    "return_pct": 126.93841054561994,
    "annual_pct": 17.799275521108648,
    "max_dd_pct": -55.790402549832976,
    "sharpe": 1.0841576886222584
  },
  "champion_vol_unleashed": {
    "final": 731803.5772222423,
    "return_pct": 131.88280419527675,
    "annual_pct": 18.30788792210072,
    "max_dd_pct": -56.73307552485187,
    "sharpe": 1.106694580046874
  },
  "champion_vol_pure": {
    "final": 252360.57857128826,
    "return_pct": -20.03581227414338,
    "annual_pct": -4.370971942923774,
    "max_dd_pct": -70.40815601968433,
    "sharpe": 0.0844897714338802
  },
  "champion_vol_tp30": {
    "final": 639924.6681383707,
    "return_pct": 102.76961078121825,
    "annual_pct": 15.17731438768346,
    "max_dd_pct": -50.5209102214645,
    "sharpe": 1.3130835964342913
  },
  "champion_vol_tp70": {
    "final": 782837.1849665543,
    "return_pct": 148.05355880797117,
    "annual_pct": 19.912892291600514,
    "max_dd_pct": -63.86578751430694,
    "sharpe": 0.9459323847702613
  },
  "champion_vol_tp80": {
    "final": 716248.822442976,
    "return_pct": 126.95404971927782,
    "annual_pct": 17.80089818484747,
    "max_dd_pct": -65.99454195345614,
    "sharpe": 0.8046878498816479
  },
  "champion_vol_tp90": {
    "final": 721617.2914703867,
    "return_pct": 128.65512865775014,
    "annual_pct": 17.976864230061285,
    "max_dd_pct": -65.54680416803129,
    "sharpe": 0.8045878223170237
  },
  "champion_vol_tp_dyn": {
    "final": 680383.2067273861,
    "return_pct": 115.58949807566718,
    "annual_pct": 16.59743011196788,
    "max_dd_pct": -53.46315165740918,
    "sharpe": 1.2052524113800187
  },
  "champion_dyn_freq_itm": {
    "final": 641987.8232139358,
    "return_pct": 103.4233520299666,
    "annual_pct": 15.25144586034135,
    "max_dd_pct": -50.679921080424215,
    "sharpe": 1.5145275075838243
  },
  "champion_dyn_itm_3pct": {
    "final": 636407.1587828614,
    "return_pct": 101.65503583443454,
    "annual_pct": 15.050484219050531,
    "max_dd_pct": -50.24743252908445,
    "sharpe": 1.4958779592112217
  },
  "champion_dyn_itm_10pct": {
    "final": 635972.6200637686,
    "return_pct": 101.51734580414372,
    "annual_pct": 15.034777241290342,
    "max_dd_pct": -50.213438271692944,
    "sharpe": 1.6214204713253728
  },
  "champion_dyn_itm_15pct": {
    "final": 647473.9690634692,
    "return_pct": 105.16171861276308,
    "annual_pct": 15.447646022962115,
    "max_dd_pct": -51.097817643361964,
    "sharpe": 1.706977176703537
  },
  "champion_dyn_itm_20pct": {
    "final": 667443.2214580688,
    "return_pct": 111.48927205342733,
    "annual_pct": 16.150755755207303,
    "max_dd_pct": -52.56092340386866,
    "sharpe": 1.825779343374243
  },
  "champion_dyn_itm_30pct": {
    "final": 603851.0510944736,