{
  "naive_atm": {
    "final": 59443.07329038867,
    "return_pct": -81.31144152922319,
    "annual_pct": -28.49849869049982,
    "max_dd_pct": -90.13336998133113,
    "sharpe": -0.44424140889206787
  },
  "otm_managed": {
    "final": 615966.4833641069,
    "return_pct": 93.65630010671373,
    "annual_pct": 14.131710479758897,
    "max_dd_pct": -13.3739765880697,
    "sharpe": 1.1879557566924008
  },
  "elevator_close_surprise": {
    "final": 598912.7130848357,
    "return_pct": 88.29469335643006,
    "annual_pct": 13.492618489569708,
    "max_dd_pct": -14.008555955937139,
    "sharpe": 1.1932501708225742
  },
  "kelly_firmness": {
    "final": 831240.9678138593,
    "return_pct": 161.33735304036207,
    "annual_pct": 21.182608778133826,
    "max_dd_pct": -37.37109916873666,
    "sharpe": 0.7925266915625551
  },
  "champion_20pct_plus_floor": {
    "final": 846072.8687462021,
    "return_pct": 166.00041691750644,
    "annual_pct": 21.612009138503694,
    "max_dd_pct": -22.731542223138455,
    "sharpe": 1.0420869120254885
  },
  "champion_cut_rebuild_fast": {
    "final": 588949.9097324075,
    "return_pct": 85.1624455994015,
    "annual_pct": 13.112494902585592,
    "max_dd_pct": -25.622696289948404,
    "sharpe": 0.8433543999801953
  },
  "champion_cut_rebuild_slow": {
    "final": 683909.2895477988,
    "return_pct": 115.01712544341265,
    "annual_pct": 16.545258719462442,
    "max_dd_pct": -17.514054903748093,
    "sharpe": 1.12617583986981
  },
  "champion_cut_rebuild": {
    "final": 575356.9540212505,
    "return_pct": 80.88889893471864,
    "annual_pct": 12.585479819297717,
    "max_dd_pct": -19.313809735210423,
    "sharpe": 0.9543931446874971
  },
  "champion_aggressive_z_real_iv": {
    "final": 814235.6871526163,
    "return_pct": 155.99099114556086,
    "annual_pct": 20.68267732806739,
    "max_dd_pct": -24.785411959275187,
    "sharpe": 1.1841828187717816
  },
  "champion_aggressive_z": {
    "final": 814235.6871526163,
    "return_pct": 155.99099114556086,
    "annual_pct": 20.68267732806739,
    "max_dd_pct": -24.785411959275187,
    "sharpe": 1.1841828187717816
  },
  "champion_20pct_protected_mom_gated": {
    "final": 814165.1190388413,
    "return_pct": 155.96880493870015,
    "annual_pct": 20.680585392208563,
    "max_dd_pct": -24.785411959275187,
    "sharpe": 1.1017221329054778
  },
  "champion_20pct_protected_wing_all": {
    "final": 811507.4097559351,
    "return_pct": 155.1332365102429,
    "annual_pct": 20.601693894622542,
    "max_dd_pct": -25.78418782063856,
    "sharpe": 1.1193693186911575
  },
  "champion_20pct_protected": {
    "final": 822534.5277735518,
    "return_pct": 158.6000986428525,
    "annual_pct": 20.92768452112821,
    "max_dd_pct": -24.785411959275187,
    "sharpe": 1.1403161184446768
  },
  "champion_trifecta": {
    "final": 560766.5205786522,
    "return_pct": 76.30175103989293,
    "annual_pct": 12.00858869071193,
    "max_dd_pct": -19.313809735210423,
    "sharpe": 0.9268664247451062
  },
  "kelly_z_target_winner": {
    "final": 787723.4999962411,
    "return_pct": 147.65571282911804,
    "annual_pct": 19.886331237022258,
    "max_dd_pct": -23.002598130324785,
    "sharpe": 0.9568041688543983
  },
  "kelly_short_dd_balanced": {
    "final": 423119.79947161104,
    "return_pct": 33.02641796360699,
    "annual_pct": 5.873575332160641,
    "max_dd_pct": -6.293292188458064,
    "sharpe": 1.0374394029018688
  },
  "kelly_short_dd_minimal": {
    "final": 372532.6349156516,
    "return_pct": 17.12210598336288,
    "annual_pct": 3.211425082528918,
    "max_dd_pct": -5.009615019776033,
    "sharpe": 0.9171903725627601
  },
  "beam_put_only": {
    "final": 933610.2871095183,
    "return_pct": 193.5216750037401,
    "annual_pct": 24.030368901872844,
    "max_dd_pct": -21.87033187026062,
    "sharpe": 1.275194773674975
  },
  "champion_target_25": {
    "final": 1115627.3169055977,
    "return_pct": 250.74677652908747,
    "annual_pct": 28.528292414690437,
    "max_dd_pct": -8.925559623680707,
    "sharpe": 2.251628915056267
  },
  "champion_target_25_smooth": {
    "final": 1162712.3190139784,
    "return_pct": 265.5500288895505,
    "annual_pct": 29.595333761646046,
    "max_dd_pct": -10.695269350747507,
    "sharpe": 2.115762613779075
  },
  "champion_premium_harvest": {
    "final": 787340.205694937,
    "return_pct": 147.53520731745917,
    "annual_pct": 19.87466199167187,
    "max_dd_pct": -4.725565639006931,
    "sharpe": 2.76838359196382
  },
  "champion_premium_harvest_ultra": {
    "final": 677639.2891571992,
    "return_pct": 113.04587358133134,
    "annual_pct": 16.330776069247644,
    "max_dd_pct": -6.677485957163372,
    "sharpe": 2.0306625752448224
  },
  "champion_target_25_walkforward_safe": {
    "final": 815780.3005911286,
    "return_pct": 156.47660867780667,
    "annual_pct": 20.728429879005496,
    "max_dd_pct": -12.093323845939777,
    "sharpe": 1.726410481116313
  },
  "champion_target_25_dd_trim": {
    "final": 1115627.3169055977,
    "return_pct": 250.74677652908747,
    "annual_pct": 28.528292414690437,
    "max_dd_pct": -8.925559623680707,
    "sharpe": 2.251628915056267
  },
  "champion_target_25_max_protected": {
    "final": 659064.422523041,
    "return_pct": 107.20604293388942,
    "annual_pct": 15.685914328178828,
    "max_dd_pct": -4.060478438512812,
    "sharpe": 2.352691695777821
  },
  "champion_target_25_nav_aware": {
    "final": 783463.6227182361,
    "return_pct": 146.31643204867424,
    "annual_pct": 19.756384784764535,
    "max_dd_pct": -7.674218580744402,
    "sharpe": 2.1038037179585936
  },
  "champion_target_25_cash_start": {
    "final": 783463.6227182361,
    "return_pct": 146.31643204867424,
    "annual_pct": 19.756384784764535,
    "max_dd_pct": -7.674218580744402,
    "sharpe": 2.1038037179585936
  },
  "champion_target_25_window_safe": {
    "final": 834882.5731298771,
    "return_pct": 162.48225269155313,
    "annual_pct": 21.288601614423253,
    "max_dd_pct": -26.200209294097938,
    "sharpe": 1.2612000830260743
  },
  "champion_aggressive_z_iv_shape": {
    "final": 777163.0033054522,
    "return_pct": 144.3355537430944,
    "annual_pct": 19.563145848537864,
    "max_dd_pct": -23.462867338461336,
    "sharpe": 1.1273158645335057
  },
  "ung_return_pct": -74.86226018353807,
  "initial_nav": 318072.0085144043,
  "years": 5.0,
  "updated_at": "2026-06-03T22:30:22.851598"
}