{
  "naive_atm": {
    "final": 67116.34124783872,
    "return_pct": -78.68293905699738,
    "annual_pct": -26.59164952357731,
    "max_dd_pct": -89.94034656000304,
    "sharpe": -0.4192673797317792
  },
  "otm_managed": {
    "final": 630029.8582744153,
    "return_pct": 100.10603431365527,
    "annual_pct": 14.882013061665322,
    "max_dd_pct": -49.76696553478438,
    "sharpe": 1.1253110659609218
  },
  "regime_aware": {
    "final": 609122.7276288891,
    "return_pct": 93.46564585046042,
    "annual_pct": 14.109229134838696,
    "max_dd_pct": -48.042923619005975,
    "sharpe": 1.0865466657060185
  },
  "deep_otm_passive": {
    "final": 456433.4645310242,
    "return_pct": 44.969463456069825,
    "annual_pct": 7.709821536013761,
    "max_dd_pct": -59.32867369598762,
    "sharpe": 0.4287759571800395
  },
  "regime_aware_roll_up": {
    "final": 449135.10943053255,
    "return_pct": 42.65140681638575,
    "annual_pct": 7.363141774492199,
    "max_dd_pct": -67.84961865994846,
    "sharpe": 0.38148292075016665
  },
  "aggressive_unload_on_rich": {
    "final": 609122.7276288891,
    "return_pct": 93.46564585046042,
    "annual_pct": 14.109229134838696,
    "max_dd_pct": -48.042923619005975,
    "sharpe": 1.0865466657060185
  },
  "regime_aware_surprise": {
    "final": 609122.7276288891,
    "return_pct": 93.46564585046042,
    "annual_pct": 14.109229134838696,
    "max_dd_pct": -48.042923619005975,
    "sharpe": 1.0865466657060185
  },
  "elevator_close_surprise": {
    "final": 605445.4462641021,
    "return_pct": 92.29769137767015,
    "annual_pct": 13.97111946033407,
    "max_dd_pct": -47.72735300909623,
    "sharpe": 1.1045680014220396
  },
  "elevator_or_mode": {
    "final": 605445.4462641021,
    "return_pct": 92.29769137767015,
    "annual_pct": 13.97111946033407,
    "max_dd_pct": -47.72735300909623,
    "sharpe": 1.1045680014220396
  },
  "no_rolldown": {
    "final": 596443.8989626094,
    "return_pct": 89.43867777770842,
    "annual_pct": 13.630189451770946,
    "max_dd_pct": -46.99815540199657,
    "sharpe": 1.0519877011595813
  },
  "best_of_attribution": {
    "final": 590655.1840025262,
    "return_pct": 87.60010333679702,
    "annual_pct": 13.40876332113632,
    "max_dd_pct": -46.47975602132271,
    "sharpe": 1.0637845191619268
  },
  "smooth_27": {
    "final": 670978.2259722318,
    "return_pct": 113.11179168215526,
    "annual_pct": 16.337973913373194,
    "max_dd_pct": -60.03735219517055,
    "sharpe": 0.8058938079015098
  },
  "smooth_27_v2": {
    "final": 678412.4361133075,
    "return_pct": 115.47299772667428,
    "annual_pct": 16.594635951841006,
    "max_dd_pct": -60.03735219517055,
    "sharpe": 0.8160310840917103
  },
  "roll_up_plus_divergence": {
    "final": 445134.08317984047,
    "return_pct": 41.38062657367843,
    "annual_pct": 7.17117207972664,
    "max_dd_pct": -67.73091332886166,
    "sharpe": 0.37611676365750113
  },
  "roll_up_calm_boost": {
    "final": 449135.10943053255,
    "return_pct": 42.65140681638575,
    "annual_pct": 7.363141774492199,
    "max_dd_pct": -67.84961865994846,
    "sharpe": 0.38148292075016665
  },
  "roll_up_dte_ladder": {
    "final": 430977.92500641634,
    "return_pct": 36.884438597827085,
    "annual_pct": 6.4806799728822195,
    "max_dd_pct": -67.46483462402412,
    "sharpe": 0.35681709068874373
  },
  "roll_up_dte_smart": {
    "final": 421734.58625979687,
    "return_pct": 33.948628753084556,
    "annual_pct": 6.019964485141571,
    "max_dd_pct": -67.46483462402412,
    "sharpe": 0.3442864922122533
  },
  "roll_up_trend_aware": {
    "final": 451378.8816978955,
    "return_pct": 43.36405934297345,
    "annual_pct": 7.470200200509169,
    "max_dd_pct": -67.84961865994846,
    "sharpe": 0.38442754696150233
  },
  "champion_hybrid": {
    "final": 451043.4028843616,
    "return_pct": 43.2575067183782,
    "annual_pct": 7.454220410549062,
    "max_dd_pct": -67.46483462402412,
    "sharpe": 0.38352552298436005
  },
  "champion_no_ladder": {
    "final": 452945.8907655513,
    "return_pct": 43.86176269170199,
    "annual_pct": 7.544715608412367,
    "max_dd_pct": -67.84961865994846,
    "sharpe": 0.3867601549370444
  },
  "champion_with_elevator": {
    "final": 723326.6726736125,
    "return_pct": 129.7383688742007,
    "annual_pct": 18.099132269356666,
    "max_dd_pct": -61.38353529532918,
    "sharpe": 0.8839248923877612
  },
  "champion_clean": {
    "final": 451378.8816978955,
    "return_pct": 43.36405934297345,
    "annual_pct": 7.470200200509169,
    "max_dd_pct": -67.84961865994846,
    "sharpe": 0.38442754696150233
  },
  "champion_tight_itm": {
    "final": 444704.40756350616,
    "return_pct": 41.24415576599094,
    "annual_pct": 7.150474213025326,
    "max_dd_pct": -67.84961865994846,
    "sharpe": 0.37578213418588347
  },
  "champion_tight_plus_elev": {
    "final": 709169.5992267292,
    "return_pct": 125.24189019507585,
    "annual_pct": 17.633178672742634,
    "max_dd_pct": -61.38353529532918,
    "sharpe": 0.8652787934989921
  },
  "champion_biweekly": {
    "final": 683256.0319117024,
    "return_pct": 117.01138949383542,
    "annual_pct": 16.760650409482714,
    "max_dd_pct": -64.03272670466814,
    "sharpe": 0.7902547739617007
  },
  "champion_vol_aware": {
    "final": 734213.3933171647,
    "return_pct": 133.19613911485013,
    "annual_pct": 18.452510909727927,
    "max_dd_pct": -62.75247467790751,
    "sharpe": 0.862220108063633
  },
  "champion_vol_unleashed": {
    "final": 743551.6034765171,
    "return_pct": 136.16208140795587,
    "annual_pct": 18.752301024461705,
    "max_dd_pct": -62.75247467790751,
    "sharpe": 0.8735561052522575
  },
  "champion_vol_pure": {
    "final": 204974.860418279,
    "return_pct": -34.89720223000663,
    "annual_pct": -8.225943041528861,
    "max_dd_pct": -83.51350192899328,
    "sharpe": 0.09703786087735414
  },
  "champion_vol_tp30": {
    "final": 741320.2747245126,
    "return_pct": 135.45338111074042,
    "annual_pct": 18.68094240916811,
    "max_dd_pct": -57.30828204236739,
    "sharpe": 0.9292988547214194
  },
  "champion_vol_tp70": {
    "final": 645228.2532147195,
    "return_pct": 104.93325083283227,
    "annual_pct": 15.431007390681572,
    "max_dd_pct": -66.10079601841211,
    "sharpe": 0.670201329438823
  },
  "champion_vol_tp80": {
    "final": 586185.5907862065,
    "return_pct": 86.1804998659987,
    "annual_pct": 13.236604555665977,
    "max_dd_pct": -67.50720067775849,
    "sharpe": 0.5672692319862273
  },
  "champion_vol_tp90": {
    "final": 523661.98419398733,
    "return_pct": 66.3221537863012,
    "annual_pct": 10.710807913922027,
    "max_dd_pct": -68.11843489627348,
    "sharpe": 0.48018227369674343
  },
  "champion_vol_tp_dyn": {
    "final": 724492.1395850686,
    "return_pct": 130.10853698403287,
    "annual_pct": 18.13716543248678,
    "max_dd_pct": -62.25553899045383,
    "sharpe": 0.8459579925234155
  },
  "champion_dyn_freq_itm": {
    "final": 741444.2475296052,
    "return_pct": 135.49275655630706,
    "annual_pct": 18.684911604597243,
    "max_dd_pct": -62.25553899045383,
    "sharpe": 0.8665512512017006
  },
  "champion_dyn_itm_3pct": {
    "final": 735179.1489364953,
    "return_pct": 133.5028762076439,
    "annual_pct": 18.483656088398924,
    "max_dd_pct": -62.25553899045383,
    "sharpe": 0.8589940829858503
  },
  "champion_dyn_itm_10pct": {
    "final": 746714.6327904391,
    "return_pct": 137.1667024495051,
    "annual_pct": 18.853162751337436,
    "max_dd_pct": -62.25553899045383,
    "sharpe": 0.8728489349904567
  },
  "champion_dyn_itm_15pct": {
    "final": 751213.9755646321,
    "return_pct": 138.59575478367145,
    "annual_pct": 18.99604916351043,
    "max_dd_pct": -62.25553899045383,
    "sharpe": 0.8781618269339335
  },
  "champion_dyn_itm_20pct": {
    "final": 756856.734543483,
    "return_pct": 140.38797162389912,
    "annual_pct": 19.17428268937913,
    "max_dd_pct": -62.25553899045383,
    "sharpe": 0.8846418783090576
  },