{
  "naive_atm": {
    "final": 51909.60313307912,
    "return_pct": -83.55167327160142,
    "annual_pct": -30.30135344210042,
    "max_dd_pct": -90.42044945793722,
    "sharpe": -0.5517202502520204
  },
  "otm_managed": {
    "final": 599819.9979907604,
    "return_pct": 90.06185194454577,
    "annual_pct": 13.704850452339734,
    "max_dd_pct": -47.23188766610114,
    "sharpe": 1.0184228444677637
  },
  "regime_aware": {
    "final": 614237.6842124364,
    "return_pct": 94.63030940382728,
    "annual_pct": 14.246287050421746,
    "max_dd_pct": -48.451729810561,
    "sharpe": 1.047791952618606
  },
  "deep_otm_passive": {
    "final": 381614.5765024486,
    "return_pct": 20.920231706256274,
    "annual_pct": 3.8723110056109844,
    "max_dd_pct": -60.169016642671856,
    "sharpe": 0.27810800545161574
  },
  "regime_aware_roll_up": {
    "final": 696220.6293186011,
    "return_pct": 120.60782003525125,
    "annual_pct": 17.14511434496968,
    "max_dd_pct": -54.52175822869999,
    "sharpe": 1.087145931095311
  },
  "aggressive_unload_on_rich": {
    "final": 622340.6678269898,
    "return_pct": 97.19785979764066,
    "annual_pct": 14.546134887295104,
    "max_dd_pct": -49.12289724392519,
    "sharpe": 1.238581377068558
  },
  "regime_aware_surprise": {
    "final": 590500.9202652873,
    "return_pct": 87.10896411677804,
    "annual_pct": 13.349319950772,
    "max_dd_pct": -46.379609210273244,
    "sharpe": 0.991235461060566
  },
  "elevator_close_surprise": {
    "final": 592791.7718088378,
    "return_pct": 87.8348543644452,
    "annual_pct": 13.437131651006817,
    "max_dd_pct": -46.58682591072036,
    "sharpe": 1.0224123119071833
  },
  "elevator_or_mode": {
    "final": 592791.7718088378,
    "return_pct": 87.8348543644452,
    "annual_pct": 13.437131651006817,
    "max_dd_pct": -46.58682591072036,
    "sharpe": 1.0224123119071833
  },
  "no_rolldown": {
    "final": 609417.282785828,
    "return_pct": 93.10289380360342,
    "annual_pct": 14.066405576598706,
    "max_dd_pct": -48.04399054523449,
    "sharpe": 1.004545852437094
  },
  "best_of_attribution": {
    "final": 598349.8403958224,
    "return_pct": 89.5960107320483,
    "annual_pct": 13.64905765484734,
    "max_dd_pct": -47.08298060985152,
    "sharpe": 1.0012916681163373
  },
  "smooth_27": {
    "final": 622497.6805423123,
    "return_pct": 97.24761160243712,
    "annual_pct": 14.551914160882928,
    "max_dd_pct": -58.3112941090135,
    "sharpe": 0.7596599279806561
  },
  "smooth_27_v2": {
    "final": 628064.3243074956,
    "return_pct": 99.01148514228298,
    "annual_pct": 14.756059799763133,
    "max_dd_pct": -58.3112941090135,
    "sharpe": 0.7680995472408969
  },
  "roll_up_plus_divergence": {
    "final": 696220.6293186011,
    "return_pct": 120.60782003525125,
    "annual_pct": 17.14511434496968,
    "max_dd_pct": -54.52175822869999,
    "sharpe": 1.087145931095311
  },
  "roll_up_calm_boost": {
    "final": 703919.2125214514,
    "return_pct": 123.0472301679315,
    "annual_pct": 17.403046581087377,
    "max_dd_pct": -55.019142050547345,
    "sharpe": 1.1010821311527854
  },
  "roll_up_dte_ladder": {
    "final": 695098.731131245,
    "return_pct": 120.25232997507258,
    "annual_pct": 17.10733618105116,
    "max_dd_pct": -54.42779304555442,
    "sharpe": 1.077872396614477
  },
  "roll_up_dte_smart": {
    "final": 702789.5318997002,
    "return_pct": 122.6892741281277,
    "annual_pct": 17.365339649597942,
    "max_dd_pct": -54.92650104895631,
    "sharpe": 1.0910835815724562
  },
  "roll_up_trend_aware": {
    "final": 696724.2821477142,
    "return_pct": 120.76740989514087,
    "annual_pct": 17.162058227575972,
    "max_dd_pct": -54.55463385212537,
    "sharpe": 1.0880809167243446
  },
  "champion_hybrid": {
    "final": 693781.4574222374,
    "return_pct": 119.83493228661519,
    "annual_pct": 17.062916740275714,
    "max_dd_pct": -54.34126569686224,
    "sharpe": 1.2474390190474518
  },
  "champion_no_ladder": {
    "final": 679537.9003662094,
    "return_pct": 115.32165023297453,
    "annual_pct": 16.578252213656917,
    "max_dd_pct": -53.405262474315926,
    "sharpe": 1.2198791736420673
  },
  "champion_with_elevator": {
    "final": 680196.4667665398,
    "return_pct": 115.53032675275468,
    "annual_pct": 16.600839555764036,
    "max_dd_pct": -53.45037551160132,
    "sharpe": 1.2754740836802236
  },
  "champion_clean": {
    "final": 696724.2821477142,
    "return_pct": 120.76740989514087,
    "annual_pct": 17.162058227575972,
    "max_dd_pct": -54.55463385212537,
    "sharpe": 1.0880809167243446
  },
  "champion_tight_itm": {
    "final": 696724.2821477142,
    "return_pct": 120.76740989514087,
    "annual_pct": 17.162058227575972,
    "max_dd_pct": -54.55463385212537,
    "sharpe": 1.0880809167243446
  },
  "champion_tight_plus_elev": {
    "final": 698073.7059550964,
    "return_pct": 121.19499481853167,
    "annual_pct": 17.207407279396136,
    "max_dd_pct": -54.64248282636978,
    "sharpe": 1.1204787388566129
  },
  "champion_biweekly": {
    "final": 756717.9453031359,
    "return_pct": 139.77729079683158,
    "annual_pct": 19.113671074423188,
    "max_dd_pct": -58.298724109953916,
    "sharpe": 1.2194510801845566
  },
  "champion_vol_aware": {
    "final": 715780.6684980968,
    "return_pct": 126.80570820672914,
    "annual_pct": 17.796068558029553,
    "max_dd_pct": -55.76453584202634,
    "sharpe": 1.0838806170701958
  },
  "champion_vol_unleashed": {
    "final": 731383.0739430769,
    "return_pct": 131.74956150204434,
    "annual_pct": 18.305186417828768,
    "max_dd_pct": -56.70819952721208,
    "sharpe": 1.1064422139362668
  },
  "champion_vol_pure": {
    "final": 252071.46931015095,
    "return_pct": -20.12742082632595,
    "annual_pct": -4.3952342552651675,
    "max_dd_pct": -70.40815601968433,
    "sharpe": 0.083937467173848
  },
  "champion_vol_tp30": {
    "final": 639788.9571511884,
    "return_pct": 102.72660874454145,
    "annual_pct": 15.1813464611261,
    "max_dd_pct": -50.51041479786633,
    "sharpe": 1.3132410290529315
  },
  "champion_vol_tp70": {
    "final": 782685.8440615637,
    "return_pct": 148.00560420029916,
    "annual_pct": 19.92018751838305,
    "max_dd_pct": -63.86578751430694,
    "sharpe": 0.9461403746339729
  },
  "champion_vol_tp80": {
    "final": 716105.0147845607,
    "return_pct": 126.9084821323788,
    "annual_pct": 17.80674216122067,
    "max_dd_pct": -65.99454195345614,
    "sharpe": 0.8048484174621073
  },
  "champion_vol_tp90": {
    "final": 721472.4897434782,
    "return_pct": 128.6092460855232,
    "annual_pct": 17.98281617347408,
    "max_dd_pct": -65.54680416803129,
    "sharpe": 0.8047503664602913
  },
  "champion_vol_tp_dyn": {
    "final": 680243.0337128065,
    "return_pct": 115.54508217951019,
    "annual_pct": 16.602436034608402,
    "max_dd_pct": -53.453562128376284,
    "sharpe": 1.2054384673147427
  },
  "champion_dyn_freq_itm": {
    "final": 641851.8429664795,
    "return_pct": 103.38026467418318,
    "annual_pct": 15.255527206941366,
    "max_dd_pct": -50.66947231937517,
    "sharpe": 1.5147071699508845
  },
  "champion_dyn_itm_3pct": {
    "final": 636271.7939874599,
    "return_pct": 101.61214349375184,
    "annual_pct": 15.05442793431413,
    "max_dd_pct": -50.23684782899237,
    "sharpe": 1.496048185880701
  },
  "champion_dyn_itm_10pct": {
    "final": 635837.2424464492,
    "return_pct": 101.4744494006464,
    "annual_pct": 15.038708003448509,
    "max_dd_pct": -50.202838096598825,
    "sharpe": 1.6216020206619952
  },
  "champion_dyn_itm_15pct": {
    "final": 647337.3861858759,
    "return_pct": 105.11844030469355,
    "annual_pct": 15.451861873341022,
    "max_dd_pct": -51.08749968408849,
    "sharpe": 1.707184948245334
  },
  "champion_dyn_itm_20pct": {
    "final": 667304.4716763659,
    "return_pct": 111.44530712969072,
    "annual_pct": 16.15545494520465,
    "max_dd_pct": -52.551059598362656,
    "sharpe": 1.8260299911951698
  },