{
  "naive_atm": {
    "final": 59443.07329038867,
    "return_pct": -81.31144152922319,
    "annual_pct": -28.49849869049982,
    "max_dd_pct": -90.13336998133113,
    "sharpe": -0.44424140889206787
  },
  "otm_managed": {
    "final": 615966.4833641069,
    "return_pct": 93.65630010671373,
    "annual_pct": 14.131710479758897,
    "max_dd_pct": -13.3739765880697,
    "sharpe": 1.1879557566924008
  },
  "elevator_close_surprise": {
    "final": 619425.5825674307,
    "return_pct": 94.74382089154483,
    "annual_pct": 14.259609992555223,
    "max_dd_pct": -14.259590273090678,
    "sharpe": 1.2485942259790106
  },
  "kelly_firmness": {
    "final": 724714.0319265712,
    "return_pct": 127.84590046494189,
    "annual_pct": 17.90391980463273,
    "max_dd_pct": -45.19711351450213,
    "sharpe": 0.6821705912860343
  },
  "champion_20pct_plus_floor": {
    "final": 690649.6195140029,
    "return_pct": 117.13624620404973,
    "annual_pct": 16.774082881247445,
    "max_dd_pct": -37.189123887492045,
    "sharpe": 0.7409708183659534
  },
  "champion_cut_rebuild_fast": {
    "final": 572822.2306640745,
    "return_pct": 80.09199657005767,
    "annual_pct": 12.486105940590807,
    "max_dd_pct": -6.724126537591754,
    "sharpe": 1.2294072608105138
  },
  "champion_cut_rebuild_slow": {
    "final": 597528.2345940033,
    "return_pct": 87.85942132564095,
    "annual_pct": 13.44009878917458,
    "max_dd_pct": -7.015764641031084,
    "sharpe": 1.3236262646650823
  },
  "champion_cut_rebuild": {
    "final": 607517.7900578168,
    "return_pct": 91.000079791776,
    "annual_pct": 13.816888747373635,
    "max_dd_pct": -6.166690568959174,
    "sharpe": 1.5238032708359615
  },
  "champion_aggressive_z_real_iv": {
    "final": 726711.3345632956,
    "return_pct": 128.47384086310933,
    "annual_pct": 17.96883662015656,
    "max_dd_pct": -6.926925754644538,
    "sharpe": 1.7895945959328308
  },
  "champion_aggressive_z": {
    "final": 726711.3345632956,
    "return_pct": 128.47384086310933,
    "annual_pct": 17.96883662015656,
    "max_dd_pct": -6.926925754644538,
    "sharpe": 1.7895945959328308
  },
  "champion_20pct_protected_mom_gated": {
    "final": 758372.8911952656,
    "return_pct": 138.4280511627988,
    "annual_pct": 18.979316526025425,
    "max_dd_pct": -7.138246873551318,
    "sharpe": 1.6376461913795086
  },
  "champion_20pct_protected_wing_all": {
    "final": 703920.2190685045,
    "return_pct": 121.30844595733316,
    "annual_pct": 17.219427973263656,
    "max_dd_pct": -7.515620155348718,
    "sharpe": 1.5554436557830464
  },
  "champion_20pct_protected": {
    "final": 701180.8674823026,
    "return_pct": 120.44720966087424,
    "annual_pct": 17.128052209839105,
    "max_dd_pct": -7.2114992377487654,
    "sharpe": 1.5713522071908812
  },
  "champion_trifecta": {
    "final": 596786.2425581734,
    "return_pct": 87.62614332067109,
    "annual_pct": 13.411911505345975,
    "max_dd_pct": -6.019685053414239,
    "sharpe": 1.4799784461154746
  },
  "kelly_z_target_winner": {
    "final": 649059.8086774218,
    "return_pct": 104.06065019960042,
    "annual_pct": 15.33253907143557,
    "max_dd_pct": -15.786043837627089,
    "sharpe": 1.082211684543042
  },
  "kelly_short_dd_balanced": {
    "final": 444836.9384098194,
    "return_pct": 39.85416085102451,
    "annual_pct": 6.938743843013095,
    "max_dd_pct": -4.882605000870463,
    "sharpe": 1.1913249988432297
  },
  "kelly_short_dd_minimal": {
    "final": 380573.74081709556,
    "return_pct": 19.650183175380164,
    "annual_pct": 3.6531902887844137,
    "max_dd_pct": -4.807469277565973,
    "sharpe": 0.9800592822087734
  },
  "beam_put_only": {
    "final": 892016.7489442845,
    "return_pct": 180.44490714871833,
    "annual_pct": 22.904988791987414,
    "max_dd_pct": -23.940752004825942,
    "sharpe": 1.1766234968570275
  },
  "champion_target_25": {
    "final": 927916.029333993,
    "return_pct": 191.73143329019823,
    "annual_pct": 23.878701706268558,
    "max_dd_pct": -6.163122935144338,
    "sharpe": 2.674016966168818
  },
  "champion_target_25_smooth": {
    "final": 1008449.1052595094,
    "return_pct": 217.0505666215644,
    "annual_pct": 25.95798566631924,
    "max_dd_pct": -6.366588234468752,
    "sharpe": 2.6604699305967365
  },
  "champion_target_25_walkforward_safe": {
    "final": 876854.4532851157,
    "return_pct": 175.6779690802016,
    "annual_pct": 22.484296502560873,
    "max_dd_pct": -6.2430264046302355,
    "sharpe": 2.0580196954040666
  },
  "champion_target_25_dd_trim": {
    "final": 927916.029333993,
    "return_pct": 191.73143329019823,
    "annual_pct": 23.878701706268558,
    "max_dd_pct": -6.163122935144338,
    "sharpe": 2.674016966168818
  },
  "champion_target_25_max_protected": {
    "final": 674298.3583334938,
    "return_pct": 111.99550425165982,
    "annual_pct": 16.215841230144413,
    "max_dd_pct": -6.830892257646276,
    "sharpe": 2.404758118698194
  },
  "champion_target_25_nav_aware": {
    "final": 754597.3799625711,
    "return_pct": 137.24105226581048,
    "annual_pct": 18.860613715440277,
    "max_dd_pct": -5.076564292519356,
    "sharpe": 2.477149631900963
  },
  "champion_target_25_cash_start": {
    "final": 754597.3799625711,
    "return_pct": 137.24105226581048,
    "annual_pct": 18.860613715440277,
    "max_dd_pct": -5.076564292519356,
    "sharpe": 2.477149631900963
  },
  "champion_target_25_window_safe": {
    "final": 860330.6935105469,
    "return_pct": 170.4829945674348,
    "annual_pct": 22.019149401065263,
    "max_dd_pct": -6.455446232384728,
    "sharpe": 2.310005416401964
  },
  "champion_aggressive_z_iv_shape": {
    "final": 713268.7938024348,
    "return_pct": 124.24758378891853,
    "annual_pct": 17.529138966105172,
    "max_dd_pct": -6.968814033273885,
    "sharpe": 1.771233472802676
  },
  "ung_return_pct": -74.86226018353807,
  "initial_nav": 318072.0085144043,
  "years": 5.0,
  "updated_at": "2026-06-03T20:48:22.588820"
}