{
  "naive_atm": {
    "final": 59600.61052521063,
    "return_pct": -81.26191273366592,
    "annual_pct": -28.460639858034753,
    "max_dd_pct": -90.27148828252304,
    "sharpe": -0.45247908249943264
  },
  "otm_managed": {
    "final": 675498.6564647835,
    "return_pct": 112.37287104256227,
    "annual_pct": 16.257186263215928,
    "max_dd_pct": -52.92758301904643,
    "sharpe": 1.1261827179075072
  },
  "regime_aware": {
    "final": 691399.8045823219,
    "return_pct": 117.3721000510521,
    "annual_pct": 16.79943991734527,
    "max_dd_pct": -54.01000647179512,
    "sharpe": 1.1603797874944817
  },
  "deep_otm_passive": {
    "final": 459869.9890794016,
    "return_pct": 44.580465042265985,
    "annual_pct": 7.651955565535706,
    "max_dd_pct": -58.32434688835188,
    "sharpe": 0.42537462281401794
  },
  "regime_aware_roll_up": {
    "final": 733997.2467530179,
    "return_pct": 130.76448951960447,
    "annual_pct": 18.204441653054594,
    "max_dd_pct": -56.67903022960166,
    "sharpe": 1.2124163631605929
  },
  "aggressive_unload_on_rich": {
    "final": 649635.2093837616,
    "return_pct": 104.24155285401105,
    "annual_pct": 15.352980609665723,
    "max_dd_pct": -51.05334181577703,
    "sharpe": 1.2042742427233888
  },
  "regime_aware_surprise": {
    "final": 669115.3627560074,
    "return_pct": 110.3660004164452,
    "annual_pct": 16.036630723384548,
    "max_dd_pct": -52.478340346015884,
    "sharpe": 1.120366563824157
  },
  "elevator_close_surprise": {
    "final": 673881.1328768985,
    "return_pct": 111.86433098100834,
    "annual_pct": 16.201455843555102,
    "max_dd_pct": -52.81441935850768,
    "sharpe": 1.1445154500241783
  },
  "elevator_or_mode": {
    "final": 673881.1328768985,
    "return_pct": 111.86433098100834,
    "annual_pct": 16.201455843555102,
    "max_dd_pct": -52.81441935850768,
    "sharpe": 1.1445154500241783
  },
  "no_rolldown": {
    "final": 672721.4411127875,
    "return_pct": 111.49973059711175,
    "annual_pct": 16.16143373183718,
    "max_dd_pct": -52.75702476918994,
    "sharpe": 1.1289140635956263
  },
  "best_of_attribution": {
    "final": 678870.864246288,
    "return_pct": 113.43307366688458,
    "annual_pct": 16.373030421135116,
    "max_dd_pct": -53.184291898025634,
    "sharpe": 1.1564160661663905
  },
  "smooth_27": {
    "final": 694657.7455263616,
    "return_pct": 118.39637784250456,
    "annual_pct": 16.909307020875055,
    "max_dd_pct": -54.660423355912556,
    "sharpe": 1.0411707451400065
  },
  "smooth_27_v2": {
    "final": 690198.9582358701,
    "return_pct": 116.99456090447318,
    "annual_pct": 16.75883946490857,
    "max_dd_pct": -56.09757491782867,
    "sharpe": 0.9716563853601079
  },
  "roll_up_plus_divergence": {
    "final": 733997.2467530179,
    "return_pct": 130.76448951960447,
    "annual_pct": 18.204441653054594,
    "max_dd_pct": -56.67903022960166,
    "sharpe": 1.2124163631605929
  },
  "roll_up_calm_boost": {
    "final": 736228.3091375218,
    "return_pct": 131.46592263059222,
    "annual_pct": 18.27621342724082,
    "max_dd_pct": -56.810309867881514,
    "sharpe": 1.2166501368752098
  },
  "roll_up_dte_ladder": {
    "final": 734528.1101477558,
    "return_pct": 130.93138990081607,
    "annual_pct": 18.221534977486066,
    "max_dd_pct": -56.69032500501733,
    "sharpe": 1.2077358827334619
  },
  "roll_up_dte_smart": {
    "final": 742324.7644895045,
    "return_pct": 133.3826129361796,
    "annual_pct": 18.471448813864445,
    "max_dd_pct": -57.14520753318082,
    "sharpe": 1.2208738432845423
  },
  "roll_up_trend_aware": {
    "final": 735022.4618343869,
    "return_pct": 131.08681121215372,
    "annual_pct": 18.237443773199004,
    "max_dd_pct": -56.73945465722704,
    "sharpe": 1.2143407202236527
  },
  "champion_hybrid": {
    "final": 689335.8306517152,
    "return_pct": 116.72319858366214,
    "annual_pct": 16.729622317386884,
    "max_dd_pct": -53.8509789994492,
    "sharpe": 1.2318081868109856
  },
  "champion_no_ladder": {
    "final": 689302.7159515156,
    "return_pct": 116.71278751342862,
    "annual_pct": 16.728500791258604,
    "max_dd_pct": -53.870089581397096,
    "sharpe": 1.2387841566345945
  },
  "champion_with_elevator": {
    "final": 690513.3925437105,
    "return_pct": 117.09341723241886,
    "annual_pct": 16.76947590419029,
    "max_dd_pct": -53.950969117329215,
    "sharpe": 1.2619143872048966
  },
  "champion_clean": {
    "final": 735022.4618343869,
    "return_pct": 131.08681121215372,
    "annual_pct": 18.237443773199004,
    "max_dd_pct": -56.73945465722704,
    "sharpe": 1.2143407202236527
  },
  "champion_tight_itm": {
    "final": 736343.006106992,
    "return_pct": 131.50198269447714,
    "annual_pct": 18.279898446623342,
    "max_dd_pct": -56.81703733935802,
    "sharpe": 1.2157778316726786
  },
  "champion_tight_plus_elev": {
    "final": 737040.635712827,
    "return_pct": 131.72131340801374,
    "annual_pct": 18.302302219076626,
    "max_dd_pct": -56.857911223049115,
    "sharpe": 1.2312072551388031
  },
  "champion_biweekly": {
    "final": 793701.5996555742,
    "return_pct": 149.53519278941215,
    "annual_pct": 20.067746841502164,
    "max_dd_pct": -60.06154513166163,
    "sharpe": 1.1112742118492323
  },
  "champion_vol_aware": {
    "final": 764356.1278978208,
    "return_pct": 140.30914617977328,
    "annual_pct": 19.16646599365368,
    "max_dd_pct": -58.399662961302525,
    "sharpe": 1.1570497479119979
  },
  "champion_vol_unleashed": {
    "final": 790156.7054472857,
    "return_pct": 148.4206985511906,
    "annual_pct": 19.960303466479658,
    "max_dd_pct": -59.75801721489734,
    "sharpe": 1.1980122495539416
  },
  "champion_vol_pure": {
    "final": 382625.65239320573,
    "return_pct": 20.295292308275535,
    "annual_pct": 3.764721876285715,
    "max_dd_pct": -58.63542882921615,
    "sharpe": 0.272448751422779
  },
  "champion_vol_tp30": {
    "final": 645326.502476342,
    "return_pct": 102.88692032047129,
    "annual_pct": 15.1995572578274,
    "max_dd_pct": -50.72653545743876,
    "sharpe": 1.1400066886387907
  },
  "champion_vol_tp70": {
    "final": 859370.5203927907,
    "return_pct": 170.18112169209414,
    "annual_pct": 21.99190131019848,
    "max_dd_pct": -62.99911181080602,
    "sharpe": 1.1011639521393062
  },
  "champion_vol_tp80": {
    "final": 775233.8275178638,
    "return_pct": 143.72903203230356,
    "annual_pct": 19.503727761236522,
    "max_dd_pct": -63.376272468898165,
    "sharpe": 0.9061931698708168
  },
  "champion_vol_tp90": {
    "final": 695707.7589172233,
    "return_pct": 118.72649598014449,
    "annual_pct": 16.944628640690908,
    "max_dd_pct": -65.04281704750156,
    "sharpe": 0.7345744986371617
  },
  "champion_vol_tp_dyn": {
    "final": 878594.2889527744,
    "return_pct": 176.22496335228007,
    "annual_pct": 22.532864110257144,
    "max_dd_pct": -63.808696530404774,
    "sharpe": 1.2583042638280517
  },
  "champion_dyn_freq_itm": {
    "final": 765290.8738479391,
    "return_pct": 140.60302490065922,
    "annual_pct": 19.195597943743834,
    "max_dd_pct": -58.45047468256996,
    "sharpe": 1.2617230155008865
  },
  "champion_dyn_itm_3pct": {
    "final": 828689.2814339908,
    "return_pct": 160.53511759946727,
    "annual_pct": 21.10811764642819,
    "max_dd_pct": -61.6291977577896,
    "sharpe": 1.3629113623432585
  },
  "champion_dyn_itm_10pct": {
    "final": 724197.7113917987,
    "return_pct": 127.68357227479905,
    "annual_pct": 17.88711494972455,
    "max_dd_pct": -56.09282929514765,
    "sharpe": 1.3404172857751397
  },
  "champion_dyn_itm_15pct": {
    "final": 734226.9107941324,
    "return_pct": 130.8366945659357,
    "annual_pct": 18.21183784229179,
    "max_dd_pct": -56.6925809028829,
    "sharpe": 1.3597999099014948
  },
  "champion_dyn_itm_20pct": {
    "final": 738898.3799671518,
    "return_pct": 132.30537745785003,
    "annual_pct": 18.36187944305585,
    "max_dd_pct": -56.966379409903865,
    "sharpe": 1.4531744711939691
  },