{
  "naive_atm": {
    "final": 59084.331984405224,
    "return_pct": -81.42422772114838,
    "annual_pct": -28.5850106641243,
    "max_dd_pct": -90.14772726864196,
    "sharpe": -0.46113649548021907
  },
  "otm_managed": {
    "final": 608333.8491681918,
    "return_pct": 91.25664405663744,
    "annual_pct": 13.847449644483213,
    "max_dd_pct": -13.189472021117075,
    "sharpe": 1.1680547473846727
  },
  "elevator_close_surprise": {
    "final": 592436.8366263309,
    "return_pct": 86.25871524922371,
    "annual_pct": 13.246117212984565,
    "max_dd_pct": -13.964483022299564,
    "sharpe": 1.1744230511516134
  },
  "kelly_firmness": {
    "final": 826165.1719365718,
    "return_pct": 159.74155217093173,
    "annual_pct": 21.03425081110355,
    "max_dd_pct": -37.36474146061525,
    "sharpe": 0.7893768954910628
  },
  "champion_20pct_plus_floor": {
    "final": 838242.4176416751,
    "return_pct": 163.53856837537913,
    "annual_pct": 21.386065964864788,
    "max_dd_pct": -22.68807111800472,
    "sharpe": 1.033637807950917
  },
  "champion_cut_rebuild_fast": {
    "final": 566346.9405836473,
    "return_pct": 78.05620281672778,
    "annual_pct": 12.230635345428343,
    "max_dd_pct": -29.354860497940876,
    "sharpe": 0.7695765328477057
  },
  "champion_cut_rebuild_slow": {
    "final": 675256.5816225654,
    "return_pct": 112.29676411213832,
    "annual_pct": 16.24885257526745,
    "max_dd_pct": -17.4705920998602,
    "sharpe": 1.1100792034128486
  },
  "champion_cut_rebuild": {
    "final": 599872.5069525783,
    "return_pct": 88.59644699775973,
    "annual_pct": 13.52897095212018,
    "max_dd_pct": -19.08800788618098,
    "sharpe": 0.9956981396963012
  },
  "champion_aggressive_z_real_iv": {
    "final": 815239.7990050768,
    "return_pct": 156.30667810498565,
    "annual_pct": 20.712427725372784,
    "max_dd_pct": -24.745852027115152,
    "sharpe": 1.1854194197930796
  },
  "champion_aggressive_z": {
    "final": 817177.1132492523,
    "return_pct": 156.9157584994611,
    "annual_pct": 20.769744831063885,
    "max_dd_pct": -25.377378694949893,
    "sharpe": 1.1727344932570087
  },
  "champion_20pct_protected_mom_gated": {
    "final": 817045.5946279195,
    "return_pct": 156.87440980551375,
    "annual_pct": 20.765857181076864,
    "max_dd_pct": -25.377378694949893,
    "sharpe": 1.0935818097953545
  },
  "champion_20pct_protected_wing_all": {
    "final": 829998.4137480619,
    "return_pct": 160.94670122802532,
    "annual_pct": 21.14635790423094,
    "max_dd_pct": -26.18128376970687,
    "sharpe": 1.1440056893472819
  },
  "champion_20pct_protected": {
    "final": 828618.3021928029,
    "return_pct": 160.51280213652558,
    "annual_pct": 21.106042934708658,
    "max_dd_pct": -25.377378694949893,
    "sharpe": 1.1497332207566164
  },
  "champion_trifecta": {
    "final": 561100.3434851989,
    "return_pct": 76.40670303114359,
    "annual_pct": 12.021921202881124,
    "max_dd_pct": -19.08800788618098,
    "sharpe": 0.9276617677684474
  },
  "kelly_z_target_winner": {
    "final": 774669.2569604851,
    "return_pct": 143.55153431409332,
    "annual_pct": 19.486316769577883,
    "max_dd_pct": -22.867586921008357,
    "sharpe": 0.9441551169915624
  },
  "kelly_short_dd_balanced": {
    "final": 476144.534434844,
    "return_pct": 49.69708798291854,
    "annual_pct": 8.403341759210292,
    "max_dd_pct": -8.568670959799602,
    "sharpe": 1.0393358405081812
  },
  "kelly_short_dd_minimal": {
    "final": 371758.63885718037,
    "return_pct": 16.878766098760558,
    "annual_pct": 3.1685017510797664,
    "max_dd_pct": -5.01140017443678,
    "sharpe": 0.9042984734873919
  },
  "beam_put_only": {
    "final": 929226.6697746229,
    "return_pct": 192.14349106502456,
    "annual_pct": 23.913676591482623,
    "max_dd_pct": -21.84739258366662,
    "sharpe": 1.2703329970686639
  },
  "champion_target_25": {
    "final": 1074321.8954369985,
    "return_pct": 237.76059089724848,
    "annual_pct": 27.562139627758487,
    "max_dd_pct": -9.235690218858288,
    "sharpe": 2.186919525100184
  },
  "champion_target_25_smooth": {
    "final": 971455.7699991971,
    "return_pct": 205.42007595591468,
    "annual_pct": 25.020006217303802,
    "max_dd_pct": -12.259255111617817,
    "sharpe": 1.9821882494019414
  },
  "champion_premium_harvest": {
    "final": 778710.4333479683,
    "return_pct": 144.82205679934998,
    "annual_pct": 19.610721047837878,
    "max_dd_pct": -5.025460093725319,
    "sharpe": 2.644067498677588
  },
  "champion_premium_harvest_scale_invariant": {
    "final": 772250.1555221789,
    "return_pct": 142.7909828120592,
    "annual_pct": 19.41159810781872,
    "max_dd_pct": -5.150697217488973,
    "sharpe": 2.8231911068822
  },
  "champion_premium_harvest_ultra": {
    "final": 703197.893090359,
    "return_pct": 121.08135084716638,
    "annual_pct": 17.195361208050098,
    "max_dd_pct": -7.345265268256505,
    "sharpe": 1.8462065322278804
  },
  "champion_target_25_walkforward_safe": {
    "final": 799300.2367650401,
    "return_pct": 151.29537191853925,
    "annual_pct": 20.236658445747224,
    "max_dd_pct": -13.3965379957384,
    "sharpe": 1.6434305350194447
  },
  "champion_target_25_dd_trim": {
    "final": 1019444.2209243278,
    "return_pct": 220.50736739953055,
    "annual_pct": 26.231459440087335,
    "max_dd_pct": -11.657668428399266,
    "sharpe": 2.0612373915919604
  },
  "champion_target_25_max_protected": {
    "final": 625140.4898260203,
    "return_pct": 96.54055468314182,
    "annual_pct": 14.469671230525982,
    "max_dd_pct": -5.546459070221152,
    "sharpe": 2.1535580228051203
  },
  "champion_target_25_nav_aware": {
    "final": 749235.3037384942,
    "return_pct": 135.55524651096863,
    "annual_pct": 18.69120974111309,
    "max_dd_pct": -8.416393333115668,
    "sharpe": 1.9536852999156984
  },
  "champion_target_25_cash_start": {
    "final": 749235.3037384942,
    "return_pct": 135.55524651096863,
    "annual_pct": 18.69120974111309,
    "max_dd_pct": -8.416393333115668,
    "sharpe": 1.9536852999156984
  },
  "champion_target_25_window_safe": {
    "final": 814874.149138027,
    "return_pct": 156.19171990141484,
    "annual_pct": 20.701597438603336,
    "max_dd_pct": -26.8065812658899,
    "sharpe": 1.2319056938022412
  },
  "champion_aggressive_z_iv_shape": {
    "final": 757565.253339092,
    "return_pct": 138.1741344915564,
    "annual_pct": 18.953964048052363,
    "max_dd_pct": -25.140503056080078,
    "sharpe": 1.0727284510135455
  },
  "ung_return_pct": -74.86226018353807,
  "initial_nav": 318072.0085144043,
  "years": 5.0,
  "updated_at": "2026-06-04T09:48:42.739872"
}