{
  "champion_cut_rebuild": {
    "final": 572142.7374884344,
    "return_pct": 79.87836784528753,
    "annual_pct": 12.459406615781576,
    "max_dd_pct": -20.05358562610194,
    "sharpe": 0.932472823374341
  },
  "champion_aggressive_z": {
    "final": 841068.1597696926,
    "return_pct": 164.4269653585703,
    "annual_pct": 21.467795100280984,
    "max_dd_pct": -24.118954703740695,
    "sharpe": 1.2168923135010286
  },
  "champion_20pct_protected_mom_gated": {
    "final": 833533.7173093536,
    "return_pct": 162.0581802222958,
    "annual_pct": 21.2493849219062,
    "max_dd_pct": -24.118954703740695,
    "sharpe": 1.1228936752660874
  },
  "champion_20pct_protected_wing_all": {
    "final": 832469.0969745142,
    "return_pct": 161.72346974594424,
    "annual_pct": 21.21839623906776,
    "max_dd_pct": -24.090538408153687,
    "sharpe": 1.167945317461777
  },
  "champion_20pct_protected": {
    "final": 842322.9031576302,
    "return_pct": 164.8214494232945,
    "annual_pct": 21.50401571876881,
    "max_dd_pct": -24.118954703740695,
    "sharpe": 1.1776249250089839
  },
  "champion_trifecta": {
    "final": 564340.3338787605,
    "return_pct": 77.42533727333745,
    "annual_pct": 12.150994202161392,
    "max_dd_pct": -19.553456997119767,
    "sharpe": 0.9168934378904904
  },
  "champion_target_25_smooth": {
    "final": 996146.1041238328,
    "return_pct": 213.18257421533556,
    "annual_pct": 25.6491392675553,
    "max_dd_pct": -9.94816547095805,
    "sharpe": 1.9938266008193102
  },
  "champion_premium_harvest_scale_invariant": {
    "final": 754510.1200795266,
    "return_pct": 137.21361826322345,
    "annual_pct": 18.85786463538601,
    "max_dd_pct": -4.8303723402913095,
    "sharpe": 2.7945517372216258
  },
  "champion_premium_harvest_ultra": {
    "final": 678650.8576567302,
    "return_pct": 113.36390486747176,
    "annual_pct": 16.36548667328801,
    "max_dd_pct": -7.00545035912815,
    "sharpe": 1.7498192562867794
  },
  "champion_target_25_dd_trim": {
    "final": 972134.0529569127,
    "return_pct": 205.6333241951683,
    "annual_pct": 25.037459459960807,
    "max_dd_pct": -9.343499660164923,
    "sharpe": 2.008188660968385
  },
  "champion_target_25_max_protected": {
    "final": 605239.6125431634,
    "return_pct": 90.28383395634587,
    "annual_pct": 13.731398281551321,
    "max_dd_pct": -4.755526982411213,
    "sharpe": 2.1163512309977524
  },
  "champion_target_25_nav_aware": {
    "final": 738393.9435648172,
    "return_pct": 132.1467855702172,
    "annual_pct": 18.345714202162533,
    "max_dd_pct": -8.616641359366803,
    "sharpe": 2.075615282918063
  },
  "champion_target_25_cash_start": {
    "final": 738393.9435648172,
    "return_pct": 132.1467855702172,
    "annual_pct": 18.345714202162533,
    "max_dd_pct": -8.616641359366803,
    "sharpe": 2.075615282918063
  },
  "champion_target_25_window_safe": {
    "final": 802001.5604289206,
    "return_pct": 152.14465245614372,
    "annual_pct": 20.31781942319959,
    "max_dd_pct": -25.04763677450858,
    "sharpe": 1.2190407964585237
  },
  "champion_aggressive_z_iv_shape": {
    "final": 711257.127321834,
    "return_pct": 123.61512748130549,
    "annual_pct": 17.462769426599458,
    "max_dd_pct": -23.14103363388826,
    "sharpe": 1.0248994426541724
  },
  "ung_return_pct": -74.86226018353807,
  "initial_nav": 318072.0085144043,
  "years": 5.0,
  "updated_at": "2026-06-05T03:48:37.572063"
}