{
  "naive_atm": {
    "final": 42314.047776845895,
    "return_pct": -86.72775283369623,
    "annual_pct": -33.21407349515019,
    "max_dd_pct": -92.59484361906722,
    "sharpe": -0.5901013905981233
  },
  "otm_managed": {
    "final": 666410.4159886582,
    "return_pct": 109.02665237431188,
    "annual_pct": 15.879139535379805,
    "max_dd_pct": -52.511070305827715,
    "sharpe": 0.9934016661006558
  },
  "regime_aware": {
    "final": 679082.5588197613,
    "return_pct": 113.00140356493506,
    "annual_pct": 16.316285731278125,
    "max_dd_pct": -53.39256907108777,
    "sharpe": 1.0011799674845205
  },
  "deep_otm_passive": {
    "final": 526196.3742986536,
    "return_pct": 65.04704004059248,
    "annual_pct": 10.534465027143414,
    "max_dd_pct": -56.00528804735379,
    "sharpe": 0.5643282976281507
  },
  "regime_aware_roll_up": {
    "final": 765391.5195848863,
    "return_pct": 140.0731189910441,
    "annual_pct": 19.131620209802346,
    "max_dd_pct": -58.648230813444755,
    "sharpe": 1.090936529872441
  },
  "aggressive_unload_on_rich": {
    "final": 634870.2803264072,
    "return_pct": 99.13375632296295,
    "annual_pct": 14.761498961261,
    "max_dd_pct": -50.14683402891601,
    "sharpe": 1.2346892767328899
  },
  "regime_aware_surprise": {
    "final": 677227.7545372879,
    "return_pct": 112.41962464810977,
    "annual_pct": 16.25271119562999,
    "max_dd_pct": -53.26491975089549,
    "sharpe": 1.0097368108796634
  },
  "elevator_close_surprise": {
    "final": 675286.2913767673,
    "return_pct": 111.81066426061403,
    "annual_pct": 16.186016969409202,
    "max_dd_pct": -53.1305553520231,
    "sharpe": 1.0413079988489786
  },
  "elevator_or_mode": {
    "final": 675286.2913767673,
    "return_pct": 111.81066426061403,
    "annual_pct": 16.186016969409202,
    "max_dd_pct": -53.1305553520231,
    "sharpe": 1.0413079988489786
  },
  "no_rolldown": {
    "final": 665895.8897861235,
    "return_pct": 108.86526580667378,
    "annual_pct": 15.86125007429693,
    "max_dd_pct": -52.469606824894754,
    "sharpe": 0.9872218091165136
  },
  "best_of_attribution": {
    "final": 663680.8766710683,
    "return_pct": 108.17050359213316,
    "annual_pct": 15.784110192781542,
    "max_dd_pct": -52.3109756996849,
    "sharpe": 1.0170982318762896
  },
  "smooth_27": {
    "final": 650619.6831237271,
    "return_pct": 104.07372254293037,
    "annual_pct": 15.325006203225232,
    "max_dd_pct": -59.1232935659182,
    "sharpe": 0.7756367935786688
  },
  "smooth_27_v2": {
    "final": 628535.46280719,
    "return_pct": 97.14677402545541,
    "annual_pct": 14.531684162613434,
    "max_dd_pct": -59.580897684183874,
    "sharpe": 0.7237880874589374
  },
  "roll_up_plus_divergence": {
    "final": 765428.5481897775,
    "return_pct": 140.0847334033294,
    "annual_pct": 19.13277224152472,
    "max_dd_pct": -58.65023125924258,
    "sharpe": 1.0909926720115317
  },
  "roll_up_calm_boost": {
    "final": 765948.2436366678,
    "return_pct": 140.24774135895458,
    "annual_pct": 19.148936272111005,
    "max_dd_pct": -58.67828705377317,
    "sharpe": 1.0917656772152635
  },
  "roll_up_dte_ladder": {
    "final": 750129.3371717264,
    "return_pct": 135.28597458091954,
    "annual_pct": 18.652941003035227,
    "max_dd_pct": -57.79003513019646,
    "sharpe": 1.0624313443401865
  },
  "roll_up_dte_smart": {
    "final": 769212.2900109398,
    "return_pct": 141.2715439143159,
    "annual_pct": 19.25025740223907,
    "max_dd_pct": -58.837198285823966,
    "sharpe": 1.0910439345982397
  },
  "roll_up_trend_aware": {
    "final": 765890.0270639075,
    "return_pct": 140.2294811171804,
    "annual_pct": 19.14712600493602,
    "max_dd_pct": -58.67514612175512,
    "sharpe": 1.0916888978905428
  },
  "champion_hybrid": {
    "final": 667507.7726517473,
    "return_pct": 109.3708498601898,
    "annual_pct": 15.917256426802439,
    "max_dd_pct": -52.56544677518416,
    "sharpe": 1.26705133705885
  },
  "champion_no_ladder": {
    "final": 665531.7947134536,
    "return_pct": 108.75106354878548,
    "annual_pct": 15.848584240439756,
    "max_dd_pct": -52.44360418746319,
    "sharpe": 1.2607607642907843
  },
  "champion_with_elevator": {
    "final": 665312.4891706922,
    "return_pct": 108.68227605334613,
    "annual_pct": 15.840952547628362,
    "max_dd_pct": -52.42792827371557,
    "sharpe": 1.3765912288073037
  },
  "champion_clean": {
    "final": 765890.0270639075,
    "return_pct": 140.2294811171804,
    "annual_pct": 19.14712600493602,
    "max_dd_pct": -58.67514612175512,
    "sharpe": 1.0916888978905428
  },
  "champion_tight_itm": {
    "final": 763125.7759334714,
    "return_pct": 139.36244460896532,
    "annual_pct": 19.061043535072987,
    "max_dd_pct": -58.525456152354835,
    "sharpe": 1.0872412527612125
  },
  "champion_tight_plus_elev": {
    "final": 756157.2091054295,
    "return_pct": 137.17668015966376,
    "annual_pct": 18.84292052167984,
    "max_dd_pct": -58.143236520002475,
    "sharpe": 1.1285240526745675
  },
  "champion_biweekly": {
    "final": 763292.7607405669,
    "return_pct": 139.41482115408994,
    "annual_pct": 19.06625073914343,
    "max_dd_pct": -58.664387727806776,
    "sharpe": 1.1361661478336842
  },
  "champion_vol_aware": {
    "final": 794976.4031689641,
    "return_pct": 149.35272961551064,
    "annual_pct": 20.038169104609715,
    "max_dd_pct": -60.18712841154098,
    "sharpe": 1.1136657421165423
  },
  "champion_vol_unleashed": {
    "final": 814629.1291436973,
    "return_pct": 155.51701429949745,
    "annual_pct": 20.62555943731228,
    "max_dd_pct": -61.14760407783305,
    "sharpe": 1.1518407142321745
  },
  "champion_vol_pure": {
    "final": 326652.7114836629,
    "return_pct": 2.4580665791755107,
    "annual_pct": 0.4865824590769119,
    "max_dd_pct": -68.46691827212034,
    "sharpe": 0.2032329817285764
  },
  "champion_vol_tp30": {
    "final": 641417.376673673,
    "return_pct": 101.18732211276354,
    "annual_pct": 14.997094832865754,
    "max_dd_pct": -50.65569688904239,
    "sharpe": 1.129203615148259
  },
  "champion_vol_tp70": {
    "final": 884820.0707738292,
    "return_pct": 177.5331431053187,
    "annual_pct": 22.634994231506855,
    "max_dd_pct": -64.22968408985018,
    "sharpe": 1.149305482675457
  },
  "champion_vol_tp80": {
    "final": 863529.1795706361,
    "return_pct": 170.85503062763965,
    "annual_pct": 22.039377575615404,
    "max_dd_pct": -64.7088908753506,
    "sharpe": 1.041022131311669
  },
  "champion_vol_tp90": {
    "final": 794174.116866873,
    "return_pct": 149.10108405903614,
    "annual_pct": 20.013944204034505,
    "max_dd_pct": -64.6592728526661,
    "sharpe": 0.9239663315668172
  },
  "champion_vol_tp_dyn": {
    "final": 805878.1740035807,
    "return_pct": 152.77218496590632,
    "annual_pct": 20.365422872451155,
    "max_dd_pct": -60.72570957222578,
    "sharpe": 1.2162273838778597
  },
  "champion_dyn_freq_itm": {
    "final": 681916.1509958003,
    "return_pct": 113.89018962310726,
    "annual_pct": 16.4131410834951,
    "max_dd_pct": -53.586238705444714,
    "sharpe": 1.423333776137793
  },
  "champion_dyn_itm_3pct": {
    "final": 727846.9422212,
    "return_pct": 128.2968665003068,
    "annual_pct": 17.939891516773308,
    "max_dd_pct": -56.51517974557601,
    "sharpe": 1.2632033680354693
  },
  "champion_dyn_itm_10pct": {
    "final": 695334.5091102438,
    "return_pct": 118.09899910406463,
    "annual_pct": 16.867469935650846,
    "max_dd_pct": -54.481917637424615,
    "sharpe": 1.4704805694585084
  },
  "champion_dyn_itm_15pct": {
    "final": 678878.5402926003,
    "return_pct": 112.93741100309683,
    "annual_pct": 16.309299678659993,
    "max_dd_pct": -53.37856247219192,
    "sharpe": 1.5487021227278917
  },
  "champion_dyn_itm_20pct": {
    "final": 685877.2208860895,
    "return_pct": 115.1326209523948,
    "annual_pct": 16.547996609026995,
    "max_dd_pct": -53.854286902352925,
    "sharpe": 1.5953509667471863
  },