{
  "naive_atm": {
    "final": 66777.61926232831,
    "return_pct": -78.7905217570316,
    "annual_pct": -26.653438053111557,
    "max_dd_pct": -89.9805474314431,
    "sharpe": -0.4120788951216576
  },
  "otm_managed": {
    "final": 614574.5368451407,
    "return_pct": 95.19721445434645,
    "annual_pct": 14.304389353486702,
    "max_dd_pct": -17.331680895900167,
    "sharpe": 1.0975862123782072
  },
  "elevator_close_surprise": {
    "final": 599239.1950840348,
    "return_pct": 90.32650176611877,
    "annual_pct": 13.728481310496132,
    "max_dd_pct": -18.374796886604496,
    "sharpe": 1.096474310923501
  },
  "kelly_firmness": {
    "final": 796449.0629574051,
    "return_pct": 152.96303251046268,
    "annual_pct": 20.38358304593384,
    "max_dd_pct": -39.53062892246007,
    "sharpe": 0.7511506943812968
  },
  "champion_20pct_plus_floor": {
    "final": 730065.6963743059,
    "return_pct": 131.87877426956553,
    "annual_pct": 18.30747692637189,
    "max_dd_pct": -31.779315221899772,
    "sharpe": 0.8247511892775417
  },
  "champion_cut_rebuild_fast": {
    "final": 564320.6441072178,
    "return_pct": 79.23589603024483,
    "annual_pct": 12.37177498165638,
    "max_dd_pct": -7.0302696987365865,
    "sharpe": 1.2310405427888065
  },
  "champion_cut_rebuild_slow": {
    "final": 609559.2781577824,
    "return_pct": 93.60430022368904,
    "annual_pct": 14.117322754503302,
    "max_dd_pct": -7.978682573207344,
    "sharpe": 1.3745654004546997
  },
  "champion_cut_rebuild": {
    "final": 629599.7113390894,
    "return_pct": 99.96941380865896,
    "annual_pct": 14.85760348835592,
    "max_dd_pct": -6.441218720902129,
    "sharpe": 1.5519669039773034
  },
  "champion_aggressive_z_real_iv": {
    "final": 768383.4127977808,
    "return_pct": 144.0490010877953,
    "annual_pct": 19.52340775364876,
    "max_dd_pct": -7.038663277662755,
    "sharpe": 1.9112231066609962
  },
  "champion_aggressive_z": {
    "final": 768383.4127977808,
    "return_pct": 144.0490010877953,
    "annual_pct": 19.52340775364876,
    "max_dd_pct": -7.038663277662755,
    "sharpe": 1.9112231066609962
  },
  "champion_20pct_protected_mom_gated": {
    "final": 770023.5044595407,
    "return_pct": 144.56991646035328,
    "annual_pct": 19.574360156274338,
    "max_dd_pct": -7.038663277662755,
    "sharpe": 1.6771220486952554
  },
  "champion_20pct_protected_wing_all": {
    "final": 711033.9017945577,
    "return_pct": 125.83401799459106,
    "annual_pct": 17.6844608642474,
    "max_dd_pct": -7.067641927895342,
    "sharpe": 1.613281646786358
  },
  "champion_20pct_protected": {
    "final": 719041.3641717907,
    "return_pct": 128.37729673000297,
    "annual_pct": 17.948195968638036,
    "max_dd_pct": -7.038663277662755,
    "sharpe": 1.6315333132906782
  },
  "champion_trifecta": {
    "final": 615145.2729146851,
    "return_pct": 95.37848797657138,
    "annual_pct": 14.32560002744603,
    "max_dd_pct": -6.441218720902129,
    "sharpe": 1.510936911267984
  },
  "kelly_z_target_winner": {
    "final": 669009.1711880453,
    "return_pct": 112.48639315693443,
    "annual_pct": 16.260014470008688,
    "max_dd_pct": -15.277472866948896,
    "sharpe": 1.1689907825171475
  },
  "kelly_short_dd_balanced": {
    "final": 482241.41606833565,
    "return_pct": 53.16641915279654,
    "annual_pct": 8.896126283555471,
    "max_dd_pct": -4.642517076526441,
    "sharpe": 1.3818008504948418
  },
  "kelly_short_dd_minimal": {
    "final": 381217.12157565134,
    "return_pct": 21.07973203032556,
    "annual_pct": 3.8975224583331247,
    "max_dd_pct": -5.50947918602716,
    "sharpe": 0.9865117881417621
  },
  "beam_put_only": {
    "final": 791610.9896214309,
    "return_pct": 151.4263947523221,
    "annual_pct": 20.237051283081243,
    "max_dd_pct": -26.95458412268643,
    "sharpe": 1.0859933378109594
  },
  "champion_target_25": {
    "final": 885219.5313321607,
    "return_pct": 181.15773813805066,
    "annual_pct": 22.95348278974987,
    "max_dd_pct": -6.188716403141965,
    "sharpe": 2.580517568899681
  },
  "champion_target_25_smooth": {
    "final": 936035.5136143429,
    "return_pct": 197.29758383058834,
    "annual_pct": 24.33301001508441,
    "max_dd_pct": -6.38158407509475,
    "sharpe": 2.617078320780572
  },
  "champion_target_25_dd_trim": {
    "final": 885219.5313321607,
    "return_pct": 181.15773813805066,
    "annual_pct": 22.95348278974987,
    "max_dd_pct": -6.188716403141965,
    "sharpe": 2.580517568899681
  },
  "champion_target_25_max_protected": {
    "final": 678832.5453486562,
    "return_pct": 115.6064301219173,
    "annual_pct": 16.599260525717142,
    "max_dd_pct": -6.4958162693361405,
    "sharpe": 2.3588876219312644
  },
  "champion_target_25_nav_aware": {
    "final": 724902.5905210575,
    "return_pct": 130.2389017723082,
    "annual_pct": 18.139756645832694,
    "max_dd_pct": -4.959280221137923,
    "sharpe": 2.422123004633462
  },
  "champion_target_25_cash_start": {
    "final": 724902.5905210575,
    "return_pct": 130.2389017723082,
    "annual_pct": 18.139756645832694,
    "max_dd_pct": -4.959280221137923,
    "sharpe": 2.422123004633462
  },
  "champion_target_25_window_safe": {
    "final": 816934.28158191,
    "return_pct": 159.46941598921592,
    "annual_pct": 20.99624159773066,
    "max_dd_pct": -6.321341273170922,
    "sharpe": 2.220401320721265
  },
  "champion_aggressive_z_iv_shape": {
    "final": 754853.7811006929,
    "return_pct": 139.75180642460305,
    "annual_pct": 19.099731571454548,
    "max_dd_pct": -7.050881829182303,
    "sharpe": 1.8453030775824235
  },
  "ung_return_pct": -74.55855117020977,
  "initial_nav": 314848.00567626953,
  "years": 5.002739726027397,
  "updated_at": "2026-06-03T18:09:52.468852"
}